SALE TYPE,SOLD DATE,PROPERTY TYPE,ADDRESS,CITY,STATE OR PROVINCE,ZIP OR POSTAL CODE,PRICE,BEDS,BATHS,LOCATION,SQUARE FEET,LOT SIZE,YEAR BUILT,DAYS ON MARKET,$/SQUARE FEET,HOA/MONTH,STATUS,NEXT OPEN HOUSE START TIME,NEXT OPEN HOUSE END TIME,URL (SEE https://www.redfin.com/buy-a-home/comparative-market-analysis FOR INFO ON PRICING),SOURCE,MLS#,FAVORITE,INTERESTED,LATITUDE,LONGITUDE
MLS Listing,,Single Family Residential,41645 Carol Cmn,Fremont,CA,94538,999000,3,2.5,Irvington,1332,2578,1995,2,750,133,Active,September-10-2022 01:00 PM,September-10-2022 04:00 PM,https://www.redfin.com/CA/Fremont/41645-Carol-Cmn-94538/home/1105485,"bridgeMLS, Bay East AOR, or Contra Costa AOR",41007091,N,Y,37.5287458,-121.9540212
MLS Listing,,Townhouse,43516 Ocaso Corte,Fremont,CA,94539,1375000,3,2.5,Antelope Hills,1780,1663,1979,4,772,450,Active,,,https://www.redfin.com/CA/Fremont/43516-Ocaso-Corte-94539/home/975001,"bridgeMLS, Bay East AOR, or Contra Costa AOR",41007158,N,Y,37.525767,-121.930766
MLS Listing,,Single Family Residential,42640 Saratoga Park St,Fremont,CA,94538,1398888,4,2.0,FREMONT,1806,5700,1962,6,775,,Active,,,https://www.redfin.com/CA/Fremont/42640-Saratoga-Park-St-94538/home/1219238,MLSListings,ML81904716,N,Y,37.5177471,-121.9691287
MLS Listing,,Condo/Co-op,881 Tranquility Cir #13,Livermore,CA,94551,855000,2,2.5,Livermore,1337,,2020,7,639,360,Active,September-10-2022 01:00 PM,September-10-2022 04:00 PM,https://www.redfin.com/CA/Livermore/881-Tranquility-Cir-94551/unit-13/home/167293323,"bridgeMLS, Bay East AOR, or Contra Costa AOR",41006892,N,Y,37.7016655,-121.7918852
MLS Listing,,Condo/Co-op,39152 Guardino Dr #308,Fremont,CA,94538,569100,2,1.0,FREMONT,844,,1990,10,674,574,Active,,,https://www.redfin.com/CA/Fremont/39152-Guardino-Dr-94538/unit-308/home/22723881,MLSListings,ML81905310,N,Y,37.5582495,-121.9694842
MLS Listing,,Townhouse,1675 Paseo Laguna Seco,Livermore,CA,94551,799000,3,2.5,Portola Meadows,1379,1852,1991,11,579,,Active,,,https://www.redfin.com/CA/Livermore/1675-Pso-Laguna-Seco-94551/home/1384143,"bridgeMLS, Bay East AOR, or Contra Costa AOR",41005535,N,Y,37.696896,-121.7821722
MLS Listing,,Townhouse,307 Garden Cmn,Livermore,CA,94551,799000,3,2.5,Garden Common,1519,1360,1986,12,526,390,Active,,,https://www.redfin.com/CA/Livermore/307-Garden-Cmn-94551/home/898494,"bridgeMLS, Bay East AOR, or Contra Costa AOR",41006406,N,Y,37.6886835,-121.7995649
MLS Listing,,Single Family Residential,3709 Boulder Canyon Dr,Castro Valley,CA,94552,1495000,4,2.5,5 Canyons,2096,4799,1998,12,713,30,Active,,,https://www.redfin.com/CA/Castro-Valley/3709-Boulder-Canyon-Dr-94552/home/602073,"bridgeMLS, Bay East AOR, or Contra Costa AOR",41006003,N,Y,37.6909465,-122.0440356
MLS Listing,,Single Family Residential,30674 Prestwick Ave,Hayward,CA,94544,995000,3,2.0,Hayward,1419,6600,1955,13,701,,Active,,,https://www.redfin.com/CA/Hayward/30674-Prestwick-Ave-94544/home/1500306,"bridgeMLS, Bay East AOR, or Contra Costa AOR",41006267,N,Y,37.6225767,-122.0393291
MLS Listing,,Condo/Co-op,330 Park View Ter #107,Oakland,CA,94610,525000,1,1.0,Adams Point,840,,1985,18,625,518,Active,,,https://www.redfin.com/CA/Oakland/330-Park-View-Ter-94610/unit-107/home/1832358,"bridgeMLS, Bay East AOR, or Contra Costa AOR",41005818,N,Y,37.810265,-122.258816
MLS Listing,,Single Family Residential,155 El Caminito,Livermore,CA,94550,1090000,4,2.0,Livermore,1476,6120,1964,20,738,,Active,,,https://www.redfin.com/CA/Livermore/155-El-Caminito-94550/home/893395,"bridgeMLS, Bay East AOR, or Contra Costa AOR",41005536,N,Y,37.675566,-121.795601
MLS Listing,,Condo/Co-op,438 W Grand Ave #433,Oakland,CA,94612,569000,1,1.0,Uptown,722,1256,2008,20,788,602,Active,,,https://www.redfin.com/CA/Oakland/438-W-Grand-Ave-94612/unit-433/home/12435822,"bridgeMLS, Bay East AOR, or Contra Costa AOR",41005515,N,Y,37.8118317,-122.267668
MLS Listing,,Townhouse,3454 Dayton Cmn,Fremont,CA,94538,995000,2,2.5,FREMONT,1174,730,1999,24,848,225,Active,,,https://www.redfin.com/CA/Fremont/3454-Dayton-Cmn-94538/home/1273442,MLSListings,ML81903655,N,Y,37.546919,-121.97525
MLS Listing,,Single Family Residential,32420 Monterey Dr,Union City,CA,94587,1899999,4,2.5,UNION CITY,2226,4500,1995,25,854,,Active,,,https://www.redfin.com/CA/Union-City/32420-Monterey-Dr-94587/home/1956117,MLSListings,ML81902624,N,Y,37.5737447,-122.0821245
MLS Listing,,Single Family Residential,889 Barney Cmn,Livermore,CA,94551,1249000,4,2.5,Livermore,1783,2100,2018,26,701,200,Active,,,https://www.redfin.com/CA/Livermore/889-Barney-Cmn-94551/home/167252010,"bridgeMLS, Bay East AOR, or Contra Costa AOR",41004914,N,Y,37.7110304,-121.7260695
MLS Listing,,Condo/Co-op,1874 Railroad Ave #112,Livermore,CA,94550,750000,2,2.0,Livermore,1163,14250,2006,26,645,250,Active,,,https://www.redfin.com/CA/Livermore/1874-Railroad-Ave-94550/unit-112/home/2114992,"bridgeMLS, Bay East AOR, or Contra Costa AOR",41004868,N,Y,37.6823358,-121.7735608
MLS Listing,,Single Family Residential,30940 Granger Ave,Union City,CA,94587,1150000,3,2.0,Union City,1230,6215,1979,30,935,,Active,,,https://www.redfin.com/CA/Union-City/30940-Granger-Ave-94587/home/1043862,"bridgeMLS, Bay East AOR, or Contra Costa AOR",41003939,N,Y,37.5977155,-122.0757329
MLS Listing,,Townhouse,42930 Corte Habana,Fremont,CA,94539,975000,3,1.5,Mission Fremont,1242,960,1970,31,785,353,Active,,,https://www.redfin.com/CA/Fremont/42930-Corte-Habana-94539/home/1427235,"bridgeMLS, Bay East AOR, or Contra Costa AOR",41003899,N,Y,37.537183,-121.922315
MLS Listing,,Single Family Residential,564 Olivina Ave,Livermore,CA,94551,850000,4,2.0,Livermore,1268,7224,1971,32,670,,Active,,,https://www.redfin.com/CA/Livermore/564-Olivina-Ave-94551/home/1313179,"bridgeMLS, Bay East AOR, or Contra Costa AOR",41003775,N,Y,37.6831012,-121.7931312
MLS Listing,,Single Family Residential,3244 Guillermo Pl,Hayward,CA,94542,799000,2,2.5,Hayward Hills,1659,110184,1983,33,482,365,Active,,,https://www.redfin.com/CA/Hayward/3244-Guillermo-Pl-94542/home/923080,"bridgeMLS, Bay East AOR, or Contra Costa AOR",41003400,N,Y,37.6550486,-122.0386631
MLS Listing,,Townhouse,1862 Grand View Dr,Oakland,CA,94618,1573000,3,3.0,Hiller Highlands,2070,2291,1995,33,760,438,Active,,,https://www.redfin.com/CA/Oakland/1862-Grand-View-Dr-94618/home/1863311,"bridgeMLS, Bay East AOR, or Contra Costa AOR",41004032,N,Y,37.8562366,-122.2276648
MLS Listing,,Townhouse,14246 Outrigger Dr #41,San Leandro,CA,94577,775000,3,2.5,SAN LEANDRO,1595,84506,1988,33,486,443,Active,,,https://www.redfin.com/CA/San-Leandro/14246-Outrigger-Dr-94577/unit-41/home/1568597,MLSListings,ML81902547,N,Y,37.6940101,-122.181061
MLS Listing,,Single Family Residential,1970 Barton Way,Hayward,CA,94545,1075000,4,2.5,Hayward,1751,3500,1992,34,614,,Active,,,https://www.redfin.com/CA/Hayward/1970-Barton-Way-94545/home/2020296,"bridgeMLS, Bay East AOR, or Contra Costa AOR",41003543,N,Y,37.6435331,-122.116606
MLS Listing,,Single Family Residential,11643 Silvergate Dr,Dublin,CA,94568,1490000,4,2.0,Briar Hills,1888,7153,1968,36,789,,Active,,,https://www.redfin.com/CA/Dublin/11643-Silvergate-Dr-94568/home/1302688,"bridgeMLS, Bay East AOR, or Contra Costa AOR",41003752,N,Y,37.7090299,-121.9444002
MLS Listing,,Condo/Co-op,4037 Ralston Cmn #73,Fremont,CA,94538,894000,3,2.0,FREMONT,1389,,1980,40,644,506,Active,,,https://www.redfin.com/CA/Fremont/4037-Ralston-Cmn-94538/unit-73/home/805948,MLSListings,ML81901804,N,Y,37.5422895,-121.9783232
MLS Listing,,Condo/Co-op,118 Bolero Plz,Union City,CA,94587,680000,3,2.0,Union City,1135,41399,1985,40,599,324,Active,,,https://www.redfin.com/CA/Union-City/118-Bolero-Plz-94587/home/1813170,"bridgeMLS, Bay East AOR, or Contra Costa AOR",41003157,N,Y,37.592805,-122.004431
MLS Listing,,Condo/Co-op,4217 Clarinbridge Cir,Dublin,CA,94568,888000,2,2.5,Dublin Ranch,1401,,2004,46,634,357,Active,,,https://www.redfin.com/CA/Dublin/4217-Clarinbridge-Cir-94568/home/2112914,"bridgeMLS, Bay East AOR, or Contra Costa AOR",41002537,N,Y,37.707092,-121.867059
MLS Listing,,Single Family Residential,4350 Burke Way,Fremont,CA,94536,1349000,3,2.0,Glen Manor,1148,6000,1959,49,1175,,Active,,,https://www.redfin.com/CA/Fremont/4350-Burke-Way-94536/home/1527255,"bridgeMLS, Bay East AOR, or Contra Costa AOR",41001978,N,Y,37.5454712,-121.9951399
MLS Listing,,Townhouse,1118 Fontana Dr,Alameda,CA,94502,939000,3,2.5,Alameda,1628,1650,1969,52,577,475,Active,,,https://www.redfin.com/CA/Alameda/1118-Fontana-Dr-94502/home/889678,"bridgeMLS, Bay East AOR, or Contra Costa AOR",41001836,N,Y,37.7348429,-122.2480735
MLS Listing,,Single Family Residential,22631 Myrtle Cir,Hayward,CA,94541,975000,4,2.5,Hayward,1607,1858,2016,59,607,120,Active,September-7-2022 08:00 AM,September-7-2022 08:00 PM,https://www.redfin.com/CA/Hayward/22631-Myrtle-Cir-94541/home/95473678,"bridgeMLS, Bay East AOR, or Contra Costa AOR",41000823,N,Y,37.6677588,-122.0936639
MLS Listing,,Vacant Land,35385 Mission Blvd,Fremont,CA,94536,1600000,,,Mission Blvd,,18414,,66,,,Active,,,https://www.redfin.com/CA/Fremont/35385-Mission-Blvd-94536/home/1080589,"bridgeMLS, Bay East AOR, or Contra Costa AOR",40999989,N,Y,37.5871448,-121.9992265
MLS Listing,,Condo/Co-op,39199 Guardino Dr #270,Fremont,CA,94538,685000,2,2.0,Fremont,1053,266122,1987,67,651,587,Active,,,https://www.redfin.com/CA/Fremont/39199-Guardino-Dr-94538/unit-270/home/1240474,"bridgeMLS, Bay East AOR, or Contra Costa AOR",40998800,N,Y,37.5572167,-121.9699285
MLS Listing,,Single Family Residential,3528 Mcsherry Way,Alameda,CA,94502,950000,2,2.0,Heritage,1028,3824,1986,69,924,120,Active,,,https://www.redfin.com/CA/Alameda/3528-McSherry-Way-94502/home/1528034,"bridgeMLS, Bay East AOR, or Contra Costa AOR",40999519,N,Y,37.7298007,-122.2358526
MLS Listing,,Single Family Residential,3580 Rocking Horse Ct,Dublin,CA,94568,1455000,3,2.5,Dublin Ranch,1775,2720,2007,88,820,82,Active,,,https://www.redfin.com/CA/Dublin/3580-Rocking-Horse-Ct-94568/home/17186607,"bridgeMLS, Bay East AOR, or Contra Costa AOR",40996933,N,Y,37.7311593,-121.8661121
MLS Listing,,Single Family Residential,1316 Ninth St,Alameda,CA,94501,1195000,3,2.0,Gold Coast,1649,2190,1895,88,725,,Active,,,https://www.redfin.com/CA/Alameda/1316-9th-St-94501/home/889443,"bridgeMLS, Bay East AOR, or Contra Costa AOR",40996833,N,Y,37.770828,-122.2703291
MLS Listing,,Single Family Residential,33787 Remington Dr,Union City,CA,94587,1199000,3,2.0,Union City,1320,6014,1967,90,908,,Active,,,https://www.redfin.com/CA/Union-City/33787-Remington-Dr-94587/home/1683002,"bridgeMLS, Bay East AOR, or Contra Costa AOR",40996103,N,Y,37.5905087,-122.0321801
MLS Listing,,Condo/Co-op,311 Oak St #837,Oakland,CA,94607,710000,1,1.5,Jack London Sq,1391,60085,2003,108,510,781,Active,,,https://www.redfin.com/CA/Oakland/311-Oak-St-94607/unit-837/home/1478611,"bridgeMLS, Bay East AOR, or Contra Costa AOR",40994210,N,Y,37.7940627,-122.2680029
MLS Listing,,Single Family Residential,7 White Ct,Oakland,CA,94611,1650000,5,3.5,Piedmont Pines,3581,8735,2003,117,461,,Active,,,https://www.redfin.com/CA/Oakland/7-White-Ct-94611/home/612204,"bridgeMLS, Bay East AOR, or Contra Costa AOR",40991640,N,Y,37.8342333,-122.1876865
MLS Listing,,Single Family Residential,2926 56Th Ave,Oakland,CA,94605,950000,4,2.5,Mills Gardens,2178,4000,1925,1,436,,Active,,,https://www.redfin.com/CA/Oakland/2926-56th-Ave-94605/home/1458555,"bridgeMLS, Bay East AOR, or Contra Costa AOR",41007486,N,Y,37.7761611,-122.1889946
MLS Listing,,Single Family Residential,3157 San Angelo Way,Union City,CA,94587,1175000,4,2.0,Casa Verde,1762,5500,1968,1,667,,Active,,,https://www.redfin.com/CA/Union-City/3157-San-Angelo-Way-94587/home/652880,"bridgeMLS, Bay East AOR, or Contra Costa AOR",41007485,N,Y,37.5956373,-122.0664777
MLS Listing,,Single Family Residential,3525 Mcsherry Way,Alameda,CA,94502,989000,2,2.0,Alameda,1028,4875,1986,1,962,120,Active,,,https://www.redfin.com/CA/Alameda/3525-McSherry-Way-94502/home/777647,"bridgeMLS, Bay East AOR, or Contra Costa AOR",41004786,N,Y,37.7302044,-122.2361185
MLS Listing,,Townhouse,2427 Oliver Dr,Hayward,CA,94545,725000,4,2.5,Glen Eden,1656,1200,1970,1,438,268,Active,September-10-2022 02:00 PM,September-10-2022 04:00 PM,https://www.redfin.com/CA/Hayward/2427-Oliver-Dr-94545/home/1899536,"bridgeMLS, Bay East AOR, or Contra Costa AOR",41007472,N,Y,37.626949,-122.094919
MLS Listing,,Single Family Residential,3333 Revere Ave,Oakland,CA,94605,925000,2,2.0,Oakland,1544,5000,1957,1,599,,Active,September-10-2022 02:00 PM,September-10-2022 04:00 PM,https://www.redfin.com/CA/Oakland/3333-Revere-Ave-94605/home/1655366,"bridgeMLS, Bay East AOR, or Contra Costa AOR",41007471,N,Y,37.7352966,-122.1329331
MLS Listing,,Single Family Residential,2828 Morcom Ave,Oakland,CA,94619,649000,2,1.0,Oakland,1008,4064,1916,1,644,,Active,,,https://www.redfin.com/CA/Oakland/2828-Morcom-Ave-94619/home/1712438,BAREIS,322074337,N,Y,37.7769809,-122.1930627
MLS Listing,,Single Family Residential,37436 Watersail Way,Newark,CA,94560,1599000,5,4.5,Brideway,2886,2065,2022,1,554,241,Active,,,https://www.redfin.com/CA/Newark/37436-Watersail-Way-94560/home/175932214,"bridgeMLS, Bay East AOR, or Contra Costa AOR",41005079,N,Y,37.5189226,-122.0559787
MLS Listing,,Single Family Residential,855 Durant Ave,San Leandro,CA,94577,750000,3,2.0,San Leandro,1237,,1920,1,606,,Active,,,https://www.redfin.com/CA/San-Leandro/855-Durant-Ave-94577/home/1672900,San Francisco MLS,422690630,N,Y,37.7404685,-122.1493022
MLS Listing,,Single Family Residential,2726 60Th Ave,Oakland,CA,94605,739000,3,2.0,Millsmont Area,1878,4400,1922,1,394,,Active,,,https://www.redfin.com/CA/Oakland/2726-60th-Ave-94605/home/1363222,"bridgeMLS, Bay East AOR, or Contra Costa AOR",41007466,N,Y,37.7720009,-122.1878417
MLS Listing,,Single Family Residential,3251 Canterbury Ct,Fremont,CA,94536,1599000,3,2.0,FREMONT,1680,9023,1963,1,952,,Active,September-10-2022 01:00 PM,September-10-2022 04:00 PM,https://www.redfin.com/CA/Fremont/3251-Canterbury-Ct-94536/home/1980735,MLSListings,ML81906167,N,Y,37.5588975,-121.9971832
MLS Listing,,Multi-Family (2-4 Unit),2503 REGENT St,Berkeley,CA,94704-2986,1395000,5,2.0,Berkeley,2914,3821,1899,1,479,,Active,,,https://www.redfin.com/CA/Berkeley/2503-Regent-St-94704/home/732302,"bridgeMLS, Bay East AOR, or Contra Costa AOR",41007465,N,Y,37.865057,-122.2575236
MLS Listing,,Single Family Residential,4150 Mountain Blvd,Oakland,CA,94619,1050000,3,2.0,Redwood Heights,1960,6502,1951,1,536,,Active,September-10-2022 01:00 PM,September-10-2022 04:00 PM,https://www.redfin.com/CA/Oakland/4150-Mountain-Blvd-94619/home/1654929,"bridgeMLS, Bay East AOR, or Contra Costa AOR",41007456,N,Y,37.7958791,-122.1825206
MLS Listing,,Vacant Land,6700 Charing Cross Rd,Oakland,CA,94605,700000,,,Oakland,,15572,,1,,,Active,,,https://www.redfin.com/CA/Oakland/6700-Charing-Cross-RD-94605/home/181451554,San Francisco MLS,422692116,N,Y,37.7554905,-122.1462193
MLS Listing,,Single Family Residential,1524 Russell St,Berkeley,CA,94703,1000000,2,1.0,Harmon,1330,4400,1921,1,752,,Active,,,https://www.redfin.com/CA/Berkeley/1524-Russell-St-94703/home/1701310,BAREIS,322082076,N,Y,37.8548929,-122.2782155
MLS Listing,,Single Family Residential,415 Hunter Ave,Oakland,CA,94603,469000,2,1.0,Brookfield,825,4056,1943,1,568,,Active,,,https://www.redfin.com/CA/Oakland/415-Hunter-Ave-94603/home/595052,"bridgeMLS, Bay East AOR, or Contra Costa AOR",41007451,N,Y,37.7336478,-122.1832301
MLS Listing,,Single Family Residential,27710 Klaus Ct,Hayward,CA,94542,1299000,4,3.0,Chabot Gardens,2515,11365,1997,2,517,,Active,,,https://www.redfin.com/CA/Hayward/27710-Klaus-Ct-94542/home/1501387,"bridgeMLS, Bay East AOR, or Contra Costa AOR",41007448,N,Y,37.6518299,-122.0444796
MLS Listing,,Single Family Residential,1109 Billings Blvd,San Leandro,CA,94577,689000,2,1.0,Davis Tract,895,5000,1941,2,770,,Active,,,https://www.redfin.com/CA/San-Leandro/1109-Billings-Blvd-94577/home/1731591,"bridgeMLS, Bay East AOR, or Contra Costa AOR",41007442,N,Y,37.720572,-122.1761793
MLS Listing,,Single Family Residential,1718 Pearl St,Alameda,CA,94501,1749000,4,3.0,Alameda,2349,5781,1920,2,745,,Active,,,https://www.redfin.com/CA/Alameda/1718-Pearl-St-94501/home/1966238,"bridgeMLS, Bay East AOR, or Contra Costa AOR",41007441,N,Y,37.7657504,-122.234124
MLS Listing,,Single Family Residential,600 Larchmont Isle,Alameda,CA,94501,1495000,3,2.0,Alameda,1451,8778,1963,2,1030,72,Active,,,https://www.redfin.com/CA/Alameda/600-Larchmont-Isle-94501/home/1804201,"bridgeMLS, Bay East AOR, or Contra Costa AOR",41007438,N,Y,37.7651425,-122.2667401
MLS Listing,,Single Family Residential,2826 14Th Ave,Oakland,CA,94606,449900,2,1.0,East Oakland,768,2400,1914,2,586,,Active,,,https://www.redfin.com/CA/Oakland/2826-14th-Ave-94606/home/1606653,"bridgeMLS, Bay East AOR, or Contra Costa AOR",41007426,N,Y,37.7971608,-122.2310869
MLS Listing,,Condo/Co-op,438 W Grand Ave #520,Oakland,CA,94612,899000,2,2.0,OAKLAND,1388,,2008,2,648,730,Active,,,https://www.redfin.com/CA/Oakland/438-W-Grand-Ave-94612/unit-520/home/22671696,MLSListings,ML81906123,N,Y,37.8118317,-122.267668
MLS Listing,,Single Family Residential,5621 Morse Dr,Oakland,CA,95605,895000,4,1.5,Millmont,1618,3560,1924,2,553,,Active,,,https://www.redfin.com/CA/Oakland/5621-Morse-Dr-94605/home/1910935,"bridgeMLS, Bay East AOR, or Contra Costa AOR",41007423,N,Y,37.7743123,-122.1909012
MLS Listing,,Townhouse,35029 Lido Blvd,Newark,CA,94560,850000,3,2.0,Jarvis Gardens,1164,1368,1972,2,730,395,Active,September-10-2022 01:00 PM,September-10-2022 04:00 PM,https://www.redfin.com/CA/Newark/35029-Lido-Blvd-94560/home/1686632,"bridgeMLS, Bay East AOR, or Contra Costa AOR",41007420,N,Y,37.5471212,-122.0506977
MLS Listing,,Single Family Residential,4134 Bell Cmn,Fremont,CA,94536,1499000,3,2.5,Glenmoor Area,1924,4084,1990,2,779,191,Active,,,https://www.redfin.com/CA/Fremont/4134-Bell-Cmn-94536/home/1058345,"bridgeMLS, Bay East AOR, or Contra Costa AOR",41007102,N,Y,37.5486134,-121.9929188
MLS Listing,,Condo/Co-op,535 Pierce St #2211,Albany,CA,94706,629888,2,2.0,Albany,1170,,1988,2,538,689,Active,,,https://www.redfin.com/CA/Albany/535-Pierce-St-94706/unit-2211/home/2018286,MetroList,222113374,N,Y,37.8968751,-122.3078063
MLS Listing,,Single Family Residential,39736 Placer Way,Fremont,CA,94538,1349000,3,2.0,Sundale,1269,6000,1963,2,1063,,Active,September-10-2022 01:00 PM,September-10-2022 04:00 PM,https://www.redfin.com/CA/Fremont/39736-Placer-Way-94538/home/1824664,"bridgeMLS, Bay East AOR, or Contra Costa AOR",41007414,N,Y,37.5410459,-121.9785254
MLS Listing,,Single Family Residential,1831 78th Ave,Oakland,CA,94621,599000,3,1.5,OAKLAND,1407,4800,1928,2,426,,Active,,,https://www.redfin.com/CA/Oakland/1831-78th-Ave-94621/home/1821088,MLSListings,ML81906116,N,Y,37.7614569,-122.1777757
MLS Listing,,Single Family Residential,1002 Eve Ln,Livermore,CA,94550,969000,3,2.0,Livermore,1199,5881,1994,2,808,,Active,,,https://www.redfin.com/CA/Livermore/1002-Eve-Ln-94550/home/1393628,"bridgeMLS, Bay East AOR, or Contra Costa AOR",41004124,N,Y,37.6830206,-121.7354645
MLS Listing,,Single Family Residential,21113 Tyee Ct,Castro Valley,CA,94546,898000,2,1.0,Castro Valley,1116,18370,1947,2,805,,Active,,,https://www.redfin.com/CA/Castro-Valley/21113-Tyee-Ct-94546/home/1037377,"bridgeMLS, Bay East AOR, or Contra Costa AOR",41006817,N,Y,37.6920597,-122.0852314
MLS Listing,,Single Family Residential,3685 Virden Ave,Oakland,CA,94619,1588000,3,2.5,OAKLAND,2988,3325,2006,2,531,,Active,,,https://www.redfin.com/CA/Oakland/3685-Virden-Ave-94619/home/1910792,MLSListings,ML81905765,N,Y,37.7960702,-122.191921
MLS Listing,,Single Family Residential,35824 Carnation Way,Fremont,CA,94536,1980000,4,3.0,Hacienda Gardens,2365,8559,1988,2,837,,Active,,,https://www.redfin.com/CA/Fremont/35824-Carnation-Way-94536/home/1076678,"bridgeMLS, Bay East AOR, or Contra Costa AOR",41007406,N,Y,37.5802894,-122.0018471
MLS Listing,,Condo/Co-op,47112 Warm Springs Blvd #111,Fremont,CA,94539,635000,2,1.0,Warm Springs,970,119490,1982,2,655,615,Active,,,https://www.redfin.com/CA/Fremont/47112-Warm-Springs-Blvd-94539/unit-111/home/1095118,"bridgeMLS, Bay East AOR, or Contra Costa AOR",41007397,N,Y,37.4857209,-121.9263224
MLS Listing,,Single Family Residential,38061 Canyon Heights Dr,Fremont,CA,94536,1237777,3,2.0,Fremont,1596,6500,1954,3,776,,Active,,,https://www.redfin.com/CA/Fremont/38061-Canyon-Heights-Dr-94536/home/1943369,MetroList,222114267,N,Y,37.5839212,-121.9618418
MLS Listing,,Single Family Residential,4472 Ardo St,Fremont,CA,94536,1400000,4,2.0,New Cabrillo,1719,5916,1965,3,814,,Active,,,https://www.redfin.com/CA/Fremont/4472-Ardo-St-94536/home/1830232,"bridgeMLS, Bay East AOR, or Contra Costa AOR",41007399,N,Y,37.5637882,-122.0326686
MLS Listing,,Condo/Co-op,3801 San Pablo Ave #312,Emeryville,CA,94608,465000,1,1.0,Emeryville,,13478,2009,3,,486,Active,September-10-2022 01:00 PM,September-10-2022 04:00 PM,https://www.redfin.com/CA/Emeryville/3801-San-Pablo-Ave-94608/unit-312/home/22962281,San Francisco MLS,422681507,N,Y,37.8289177,-122.2793965
MLS Listing,,Townhouse,3709 Innovation Way #1000,Fremont,CA,94538,1380000,3,3.0,Fremont,1798,,2021,3,768,405,Active,,,https://www.redfin.com/CA/Fremont/3709-Innovation-Way-94538/unit-1000/home/181427048,"bridgeMLS, Bay East AOR, or Contra Costa AOR",41006960,N,Y,37.4995866,-121.9465556
MLS Listing,,Single Family Residential,709 Adams Ave,Livermore,CA,94550,1319000,3,2.0,Sunset,1825,6844,1959,3,723,,Active,,,https://www.redfin.com/CA/Livermore/709-Adams-Ave-94550/home/907620,"bridgeMLS, Bay East AOR, or Contra Costa AOR",41007390,N,Y,37.6828255,-121.7438126
MLS Listing,,Condo/Co-op,39152 Guardino Dr #303,Fremont,CA,94538,545000,2,1.0,Adobe Hills,857,212519,1990,3,636,568,Active,,,https://www.redfin.com/CA/Fremont/39152-Guardino-Dr-94538/unit-303/home/1506764,"bridgeMLS, Bay East AOR, or Contra Costa AOR",41007386,N,Y,37.5582495,-121.9694842
MLS Listing,,Single Family Residential,43335 Paseo Padre,Fremont,CA,94539,2199100,4,2.5,Fremont,2097,368648280,1978,3,1049,,Active,,,https://www.redfin.com/CA/Fremont/43335-Paseo-Padre-Pkwy-94539/home/1650471,MetroList,222116346,N,Y,37.5287843,-121.932245
MLS Listing,,Single Family Residential,712 39th St,Oakland,CA,94609,1299000,4,3.5,Oakland,1941,3386,,3,669,,Active,,,https://www.redfin.com/CA/Oakland/712-39th-St-94609/home/570184,San Francisco MLS,422691901,N,Y,37.82944,-122.2701665
MLS Listing,,Townhouse,1086 Dolphin Cmn,Fremont,CA,94536,1225000,3,2.5,Lake Pointe,1610,1522,1995,3,761,220,Active,,,https://www.redfin.com/CA/Fremont/1086-Dolphin-Com-94536/home/1318205,"bridgeMLS, Bay East AOR, or Contra Costa AOR",41007373,N,Y,37.5602,-121.972572
MLS Listing,,Mobile/Manufactured Home,14831 Bancroft Ave #4,San Leandro,CA,94578,69000,2,1.0,San Leandro,758,,,3,91,,Active,,,https://www.redfin.com/CA/San-Leandro/14831-Bancroft-Ave-94578/unit-4/home/173639233,"bridgeMLS, Bay East AOR, or Contra Costa AOR",41007364,N,Y,37.7088558,-122.1319349
MLS Listing,,Single Family Residential,9436 Armstrong Dr,Oakland,CA,94603,799000,4,2.5,Arcadia Park,1737,2786,2009,3,460,125,Active,,,https://www.redfin.com/CA/Oakland/9436-Armstrong-Dr-94603/home/22813131,"bridgeMLS, Bay East AOR, or Contra Costa AOR",41007368,N,Y,37.7427117,-122.1796826
MLS Listing,,Single Family Residential,7814 Outlook Ave,Oakland,CA,94605,998100,3,2.0,Oakland Hills,1390,5124,1935,3,718,,Active,,,https://www.redfin.com/CA/Oakland/7814-Outlook-Ave-94605/home/1881085,"bridgeMLS, Bay East AOR, or Contra Costa AOR",41007359,N,Y,37.7679058,-122.16456
MLS Listing,,Single Family Residential,3028 Lucca Cir,Livermore,CA,94550,1895000,4,3.0,Vinsanto,2592,7733,2013,3,731,,Active,September-8-2022 07:00 PM,September-8-2022 08:00 PM,https://www.redfin.com/CA/Livermore/3028-Lucca-Cir-94550/home/50261969,"bridgeMLS, Bay East AOR, or Contra Costa AOR",41005509,N,Y,37.6664487,-121.7542968
MLS Listing,,Multi-Family (2-4 Unit),2 deering Ct,Oakland,CA,94601,1199000,8,4.0,Oakland,3090,7100,1959,3,388,,Active,,,https://www.redfin.com/CA/Oakland/2-Deering-Ct-94601/home/1902627,"bridgeMLS, Bay East AOR, or Contra Costa AOR",41007362,N,Y,37.7896712,-122.2130246
MLS Listing,,Condo/Co-op,675 8Th St #8,Oakland,CA,94607,549000,1,1.5,Downtown,800,9216,2002,3,686,626,Active,,,https://www.redfin.com/CA/Oakland/675-8th-St-94607/unit-8/home/17187399,"bridgeMLS, Bay East AOR, or Contra Costa AOR",41007354,N,Y,37.8021774,-122.2790717
MLS Listing,,Single Family Residential,25556 Camino Vis,Hayward,CA,94541-5646,1298888,4,2.5,Highlands,1907,8298,1979,3,681,,Active,,,https://www.redfin.com/CA/Hayward/25556-Camino-Vis-94541/home/965501,"bridgeMLS, Bay East AOR, or Contra Costa AOR",41004043,N,Y,37.6693221,-122.0490528
MLS Listing,,Single Family Residential,3338 Bona St,Oakland,CA,94601,759000,3,1.5,E Oakland,1176,6363,1945,3,645,,Active,September-11-2022 02:00 PM,September-11-2022 04:00 PM,https://www.redfin.com/CA/Oakland/3338-Bona-St-94601/home/1376336,"bridgeMLS, Bay East AOR, or Contra Costa AOR",41007345,N,Y,37.7898509,-122.2132906
MLS Listing,,Single Family Residential,1422 70Th Ave,Oakland,CA,94621,499000,3,1.0,Oakland,1262,5208,1916,3,395,,Active,,,https://www.redfin.com/CA/Oakland/1422-70th-Ave-94621/home/631241,"bridgeMLS, Bay East AOR, or Contra Costa AOR",41007348,N,Y,37.7606526,-122.1888615
MLS Listing,,Single Family Residential,2929 82nd Ave,Oakland,CA,94605,847500,4,2.0,OAKLAND,1790,8150,1920,3,473,,Active,,,https://www.redfin.com/CA/Oakland/2929-82nd-Ave-94605/home/1902944,MLSListings,ML81906053,N,Y,37.7638192,-122.1631296
MLS Listing,,Single Family Residential,40850 Capa Dr,Fremont,CA,94539,1698888,3,2.0,Mission Area,1536,6480,1964,3,1106,,Active,,,https://www.redfin.com/CA/Fremont/40850-Capa-Dr-94539/home/1690917,"bridgeMLS, Bay East AOR, or Contra Costa AOR",41006423,N,Y,37.5471112,-121.9487775
MLS Listing,,Single Family Residential,16716 Cowell St,San Leandro,CA,94578,1195000,3,2.0,Alameda County,1570,5000,1976,3,761,,Active,September-10-2022 01:00 PM,September-10-2022 04:00 PM,https://www.redfin.com/CA/San-Leandro/16716-Cowell-St-94578/home/823322,"bridgeMLS, Bay East AOR, or Contra Costa AOR",41007339,N,Y,37.6990144,-122.0985012
MLS Listing,,Single Family Residential,15352 Mendocino St,San Leandro,CA,94579,699000,3,1.0,Eden Township,1121,5376,1955,3,624,,Active,,,https://www.redfin.com/CA/San-Leandro/15352-Mendocino-St-94579/home/805290,"bridgeMLS, Bay East AOR, or Contra Costa AOR",41007341,N,Y,37.6828537,-122.1532942
MLS Listing,,Single Family Residential,16994 Hinton Ct,Castro Valley,CA,94546,1525000,3,2.5,Castro Valley,2576,13635,1966,3,592,,Active,,,https://www.redfin.com/CA/Castro-Valley/16994-Hinton-Ct-94546/home/968666,"bridgeMLS, Bay East AOR, or Contra Costa AOR",41007334,N,Y,37.7222729,-122.0900912
MLS Listing,,Single Family Residential,815 Arlington Ave,Oakland,CA,94608,1950000,5,5.0,Santa Fe,3322,4080,1910,3,587,,Active,,,https://www.redfin.com/CA/Oakland/815-Arlington-Ave-94608/home/1398763,"bridgeMLS, Bay East AOR, or Contra Costa AOR",41007332,N,Y,37.8425008,-122.2709051
MLS Listing,,Townhouse,38444 Berkeley Cmn,Fremont,CA,94536,639888,2,1.5,Park Row Iii,976,639,1979,3,656,310,Active,,,https://www.redfin.com/CA/Fremont/38444-Berkeley-Cmn-94536/home/181420479,"bridgeMLS, Bay East AOR, or Contra Costa AOR",41007328,N,Y,37.564071,-121.978088
MLS Listing,,Single Family Residential,43847 N Moray St,Fremont,CA,94539,3358899,7,4.5,Mission Fremont,3090,7266,1989,3,1087,70,Active,,,https://www.redfin.com/CA/Fremont/43847-N-Moray-St-94539/home/643909,"bridgeMLS, Bay East AOR, or Contra Costa AOR",41006965,N,Y,37.5207296,-121.9276892
MLS Listing,,Townhouse,2953 Wilson Cmn,Fremont,CA,94538,1199000,3,2.5,Miralago,1748,1854,1980,3,686,380,Active,,,https://www.redfin.com/CA/Fremont/2953-Wilson-Cmn-94538/home/1156626,"bridgeMLS, Bay East AOR, or Contra Costa AOR",41007312,N,Y,37.5407556,-121.9598042
MLS Listing,,Single Family Residential,5661 Vicente St,Oakland,CA,94609,1299999,3,2.0,Rockridge/N.Oak,1279,10963,1985,3,1016,,Active,,,https://www.redfin.com/CA/Oakland/5661-Vicente-St-94609/home/529801,"bridgeMLS, Bay East AOR, or Contra Costa AOR",41007319,N,Y,37.8422199,-122.2606254
MLS Listing,,Single Family Residential,4424 James Ave,Castro Valley,CA,94546,1050000,3,2.0,Castro Valley,1567,20586,1940,3,670,,Active,,,https://www.redfin.com/CA/Castro-Valley/4424-James-Ave-94546/home/1732337,"bridgeMLS, Bay East AOR, or Contra Costa AOR",41007309,N,Y,37.706917,-122.0702953
MLS Listing,,Single Family Residential,6461 Valley View Rd,Oakland,CA,94611,1499000,3,2.5,Montclair,1996,12680,1988,3,751,,Active,,,https://www.redfin.com/CA/Oakland/6461-Valley-View-Rd-94611/home/1799438,"bridgeMLS, Bay East AOR, or Contra Costa AOR",41007317,N,Y,37.8444914,-122.210409
MLS Listing,,Condo/Co-op,2359 Halogen Cmn #211,Fremont,CA,94539,1290000,2,2.0,Warm Springs,1886,,2019,3,684,548,Active,,,https://www.redfin.com/CA/Fremont/2359-Halogen-Cmn-94539/unit-211/home/172860248,"bridgeMLS, Bay East AOR, or Contra Costa AOR",41007314,N,Y,37.5047802,-121.9362276
MLS Listing,,Condo/Co-op,38623 Cherry Ln #159,Fremont,CA,94536,599999,2,1.5,FREMONT,938,,1974,3,640,435,Active,September-10-2022 01:30 PM,September-10-2022 04:30 PM,https://www.redfin.com/CA/Fremont/38623-Cherry-Ln-94536/unit-159/home/1357250,MLSListings,ML81905197,N,Y,37.5655494,-121.9738405
MLS Listing,,Single Family Residential,550 Rosal Ave,Oakland,CA,94610,1495000,4,2.0,Lakeshore,2609,4000,1925,3,573,,Active,,,https://www.redfin.com/CA/Oakland/550-Rosal-Ave-94610/home/1945540,"bridgeMLS, Bay East AOR, or Contra Costa AOR",41007305,N,Y,37.8149984,-122.2406392
MLS Listing,,Vacant Land,0000 ARROYO Rd,Livermore,CA,94550,899000,,,Livermore,,87120,,3,,,Active,,,https://www.redfin.com/CA/LIVERMORE/ARROYO-RD-94550/home/17187427,"bridgeMLS, Bay East AOR, or Contra Costa AOR",41007310,N,Y,37.650083,-121.767271
MLS Listing,,Single Family Residential,865 Kilkare Rd,Sunol,CA,94586,1679000,3,2.0,Sunol,1867,43118,1980,3,899,,Active,,,https://www.redfin.com/CA/Sunol/865-Kilkare-Rd-94586/home/1048784,"bridgeMLS, Bay East AOR, or Contra Costa AOR",41005507,N,Y,37.6085064,-121.8947042
MLS Listing,,Single Family Residential,3500 Ferry Ln,Fremont,CA,94555,1780000,4,2.0,FREMONT,1630,8757,1978,3,1092,,Active,,,https://www.redfin.com/CA/Fremont/3500-Ferry-Ln-94555/home/1685427,MLSListings,ML81906000,N,Y,37.576189,-122.0321357
MLS Listing,,Single Family Residential,,Oakland,CA,94619,1100000,4,2.0,Redwood Heights,2296,7611,1953,3,479,,Active,,,https://www.redfin.com/CA/Oakland/Undisclosed-address-94619/home/562720,"bridgeMLS, Bay East AOR, or Contra Costa AOR",41005519,N,Y,37.7858548,-122.1808577
MLS Listing,,Single Family Residential,3977 Somerset Ave,Castro Valley,CA,94546,899950,2,1.0,Castro Valley,1297,7189,1942,3,694,,Active,,,https://www.redfin.com/CA/Castro-Valley/3977-Somerset-Ave-94546/home/1228880,"bridgeMLS, Bay East AOR, or Contra Costa AOR",41007299,N,Y,37.7016821,-122.0749339
MLS Listing,,Single Family Residential,7431 Emerald Ave,Dublin,CA,94568,1199995,4,2.0,Westide Dublin,1807,6613,1973,3,664,,Active,,,https://www.redfin.com/CA/Dublin/7431-Emerald-Ave-94568/home/2006096,"bridgeMLS, Bay East AOR, or Contra Costa AOR",41007203,N,Y,37.7143152,-121.9249556
MLS Listing,,Single Family Residential,14963 Crosby St,San Leandro,CA,94579,968000,3,2.0,Washington Manor,1793,5600,1949,3,540,,Active,,,https://www.redfin.com/CA/San-Leandro/14963-Crosby-St-94579/home/1300613,San Francisco MLS,422691695,N,Y,37.6930627,-122.1441566
MLS Listing,,Townhouse,3012 Cerro Vis,Alameda,CA,94502,900000,3,1.5,Alameda,1188,1500,1968,3,758,470,Active,September-10-2022 02:00 PM,September-10-2022 04:00 PM,https://www.redfin.com/CA/Alameda/3012-Cerro-Vis-94502/home/1994210,"bridgeMLS, Bay East AOR, or Contra Costa AOR",41007295,N,Y,37.7358965,-122.2469434
MLS Listing,,Single Family Residential,13921 Tortuga Rd,San Leandro,CA,94577,735000,3,2.0,Marina Faire,1128,5040,1961,3,652,,Active,,,https://www.redfin.com/CA/San-Leandro/13921-Tortuga-Rd-94577/home/1836954,"bridgeMLS, Bay East AOR, or Contra Costa AOR",41007292,N,Y,37.6964217,-122.1804808
MLS Listing,,Single Family Residential,1044 El Dorado Dr,Livermore,CA,94550,1350000,3,2.0,Livermore,1964,6914,1959,3,687,,Active,,,https://www.redfin.com/CA/Livermore/1044-El-Dorado-Dr-94550/home/1975663,"bridgeMLS, Bay East AOR, or Contra Costa AOR",41006598,N,Y,37.6693964,-121.7816492
MLS Listing,,Single Family Residential,4937 Seaview Ave,Castro Valley,CA,94546,1599000,4,4.0,Proctor,3022,6419,1991,3,529,,Active,,,https://www.redfin.com/CA/Castro-Valley/4937-Seaview-Ave-94546/home/986451,"bridgeMLS, Bay East AOR, or Contra Costa AOR",41007290,N,Y,37.7135908,-122.0691633
MLS Listing,,Condo/Co-op,1175 59Th St #1,Oakland,CA,94608,574800,1,1.5,Golden Gate,951,12177,1964,3,604,487,Active,,,https://www.redfin.com/CA/Oakland/1175-59th-St-94608/unit-1/home/40086714,"bridgeMLS, Bay East AOR, or Contra Costa AOR",41007282,N,Y,37.8420356,-122.2850159
MLS Listing,,Single Family Residential,1310 Dorothy Ave,San Leandro,CA,94578,928000,4,2.0,Lower Bal,1581,5005,1946,3,587,,Active,,,https://www.redfin.com/CA/San-Leandro/1310-Dorothy-Ave-94578/home/783204,San Francisco MLS,422690728,N,Y,37.7056435,-122.1335986
MLS Listing,,Single Family Residential,30253 Oakbrook Rd,Hayward,CA,94544,1789500,6,4.5,Twin Bridges,3600,6000,1999,3,497,10,Active,,,https://www.redfin.com/CA/Hayward/30253-Oakbrook-Rd-94544/home/1281759,"bridgeMLS, Bay East AOR, or Contra Costa AOR",41007034,N,Y,37.6222871,-122.0451678
MLS Listing,,Single Family Residential,6701 Elm Ct,Dublin,CA,94568-2603,1399000,4,2.5,Echo Park,1806,6746,1967,3,775,,Active,,,https://www.redfin.com/CA/Dublin/6701-Elm-Ct-94568/home/1407111,"bridgeMLS, Bay East AOR, or Contra Costa AOR",41006897,N,Y,37.7107306,-121.9170657
MLS Listing,,Condo/Co-op,988 Franklin St #327,Oakland,CA,94607,349000,1,1.0,Chinatown,604,98093,1993,3,578,741,Active,,,https://www.redfin.com/CA/Oakland/988-Franklin-St-94607/unit-327/home/1522847,"bridgeMLS, Bay East AOR, or Contra Costa AOR",41007277,N,Y,37.8009283,-122.2714057
MLS Listing,,Single Family Residential,920 Arlington Ave,Oakland,CA,94608-2709,949000,3,3.0,Santa Fe,2100,4200,1910,4,452,,Active,,,https://www.redfin.com/CA/Oakland/920-Arlington-Ave-94608/home/1276258,"bridgeMLS, Bay East AOR, or Contra Costa AOR",41007274,N,Y,37.8424888,-122.2752028
MLS Listing,,Single Family Residential,1643 Gladiolus Ct,Livermore,CA,94551,839000,3,2.0,Spring Valley,1062,5922,1984,4,790,162,Active,September-10-2022 01:00 PM,September-10-2022 04:00 PM,https://www.redfin.com/CA/Livermore/1643-Gladiolus-Ct-94551/home/1483964,"bridgeMLS, Bay East AOR, or Contra Costa AOR",41007271,N,Y,37.712415,-121.744263
MLS Listing,,Townhouse,8160 Ensenada Dr #2,Pleasanton,CA,94588,560000,2,1.0,Laguna Vista,903,,1972,4,620,375,Active,,,https://www.redfin.com/CA/Pleasanton/8160-Ensenada-Dr-94588/unit-2/home/995845,"bridgeMLS, Bay East AOR, or Contra Costa AOR",41007269,N,Y,37.6508792,-121.9040405
MLS Listing,,Single Family Residential,2586 Oliver Ave,Oakland,CA,94605,895000,4,2.0,Toler Heights,1768,4104,1938,4,506,,Active,September-17-2022 02:00 PM,September-17-2022 04:00 PM,https://www.redfin.com/CA/Oakland/2586-Oliver-Ave-94605/home/1957921,"bridgeMLS, Bay East AOR, or Contra Costa AOR",41007267,N,Y,37.7470994,-122.153383
MLS Listing,,Multi-Family (2-4 Unit),2231 E 28Th St,Oakland,CA,94606,1200000,,,Oakland,3340,6875,1951,4,359,,Active,,,https://www.redfin.com/CA/Oakland/2231-E-28th-St-94606/home/1445117,"bridgeMLS, Bay East AOR, or Contra Costa AOR",41007264,N,Y,37.7943892,-122.2267622
MLS Listing,,Condo/Co-op,8793 Mountain Blvd,Oakland,CA,94605,549000,2,2.0,Oak Knoll Area,1140,190096,1982,4,482,525,Active,,,https://www.redfin.com/CA/Oakland/8793-Mountain-Blvd-94605/home/181399923,"bridgeMLS, Bay East AOR, or Contra Costa AOR",41007258,N,Y,37.76298,-122.149125
MLS Listing,,Single Family Residential,477 Douglas Ave,Oakland,CA,94603,849888,5,3.0,Sobrante Park,2352,3782,2022,4,361,,Active,September-10-2022 01:00 PM,September-10-2022 04:00 PM,https://www.redfin.com/CA/Oakland/477-Douglas-Ave-94603/home/22804943,"bridgeMLS, Bay East AOR, or Contra Costa AOR",41007257,N,Y,37.7318138,-122.181933
MLS Listing,,Single Family Residential,33 Beechwood Dr,Oakland,CA,94618,1900000,3,3.0,Claremont Pines,2409,9435,1949,4,789,,Active,,,https://www.redfin.com/CA/Oakland/33-Beechwood-Dr-94618/home/1564455,"bridgeMLS, Bay East AOR, or Contra Costa AOR",41007253,N,Y,37.8429695,-122.2410602
MLS Listing,,Single Family Residential,2226 Camino Brazos,Pleasanton,CA,94566,1550000,4,2.0,Del Prado,1969,9240,1970,4,787,,Active,,,https://www.redfin.com/CA/Pleasanton/2226-Camino-Brazos-94566/home/1111059,"bridgeMLS, Bay East AOR, or Contra Costa AOR",41007252,N,Y,37.6673618,-121.8934148
MLS Listing,,Single Family Residential,32734 Mono Lake Ln,Fremont,CA,94555,1350000,3,2.0,Lake Arrowhead,1268,5590,1976,4,1065,,Active,,,https://www.redfin.com/CA/Fremont/32734-Mono-Lake-Ln-94555/home/645491,MetroList,222115697,N,Y,37.5864893,-122.0588199
MLS Listing,,Single Family Residential,4215 Ogden,Fremont,CA,94538,1310000,3,2.0,Sundale,1644,6032,1963,4,797,,Active,,,https://www.redfin.com/CA/Fremont/4215-Ogden-Dr-94538/home/1013464,"bridgeMLS, Bay East AOR, or Contra Costa AOR",41007248,N,Y,37.5400111,-121.9772371
MLS Listing,,Townhouse,5238 Riverdale Ct,Pleasanton,CA,94588,1049000,3,2.5,Stoneridge,1925,2660,1987,4,545,488,Active,,,https://www.redfin.com/CA/Pleasanton/5238-Riverdale-Ct-94588/home/1899729,"bridgeMLS, Bay East AOR, or Contra Costa AOR",41007243,N,Y,37.6885474,-121.9210663
MLS Listing,,Single Family Residential,6003 Greenridge Rd,Castro Valley,CA,94552,1000100,4,2.5,Greenridge,2119,7310,1975,4,472,,Active,,,https://www.redfin.com/CA/Castro-Valley/6003-Greenridge-Rd-94552/home/1529481,"bridgeMLS, Bay East AOR, or Contra Costa AOR",41007240,N,Y,37.7166386,-122.0450568
MLS Listing,,Single Family Residential,40344 Sundale Dr,Fremont,CA,94538,1269000,3,2.0,Sundale,1100,6400,1960,4,1154,,Active,,,https://www.redfin.com/CA/Fremont/40344-Sundale-Dr-94538/home/1110295,"bridgeMLS, Bay East AOR, or Contra Costa AOR",41007238,N,Y,37.5286353,-121.9784366
MLS Listing,,Single Family Residential,683 Hutchings Dr,San Leandro,CA,94577-1333,799000,3,1.5,Davis Area,1335,5000,1943,4,599,,Active,,,https://www.redfin.com/CA/San-Leandro/683-Hutchings-Dr-94577/home/1481107,"bridgeMLS, Bay East AOR, or Contra Costa AOR",41007237,N,Y,37.7244691,-122.1780862
MLS Listing,,Multi-Family (2-4 Unit),1329 145Th Ave,San Leandro,CA,94578,899999,4,2.0,San Leandro,1632,6250,1960,4,551,,Active,,,https://www.redfin.com/CA/San-Leandro/1329-145th-Ave-94578/home/1345924,"bridgeMLS, Bay East AOR, or Contra Costa AOR",41007236,N,Y,37.7097675,-122.1371032
MLS Listing,,Single Family Residential,40971 Pajaro Dr,Fremont,CA,94539,1999000,4,2.0,Fremont,2052,10824,1968,4,974,,Active,,,https://www.redfin.com/CA/Fremont/40971-Pajaro-Dr-94539/home/704363,CRMLS,CV22192983,N,Y,37.542797,-121.9509106
MLS Listing,,Single Family Residential,2037 Horne St,San Leandro,CA,94578,749000,3,2.0,Fairmont Terrace,1524,5518,1947,4,491,,Active,,,https://www.redfin.com/CA/San-Leandro/2037-Horne-St-94578/home/1611520,"bridgeMLS, Bay East AOR, or Contra Costa AOR",41007221,N,Y,37.7050495,-122.1120801
MLS Listing,,Single Family Residential,615 63rd St,Oakland,CA,94609,2000000,4,3.0,Oakland,2174,3744,1910,4,920,,Active,,,https://www.redfin.com/CA/Oakland/615-63rd-St-94609/home/1924749,"bridgeMLS, Bay East AOR, or Contra Costa AOR",41007220,N,Y,37.8484928,-122.2661641
MLS Listing,,Single Family Residential,925 Versailles Ave,Alameda,CA,94501,995000,2,2.0,East End,1641,4408,1939,4,606,,Active,September-11-2022 02:00 PM,September-11-2022 04:00 PM,https://www.redfin.com/CA/Alameda/925-Versailles-Ave-94501/home/737725,"bridgeMLS, Bay East AOR, or Contra Costa AOR",41007217,N,Y,37.7541343,-122.2429881
MLS Listing,,Single Family Residential,4610 Sloan St,Fremont,CA,94538,1250000,3,2.0,Fremont,1464,5954,1963,4,854,,Active,,,https://www.redfin.com/CA/Fremont/4610-Sloan-St-94538/home/1323850,"bridgeMLS, Bay East AOR, or Contra Costa AOR",41007218,N,Y,37.5364962,-121.9854114
MLS Listing,,Single Family Residential,2 Overlake Ct,Oakland,CA,94611,798000,2,1.0,Montclair,1020,7708,1940,4,782,,Active,,,https://www.redfin.com/CA/Oakland/2-Overlake-Ct-94611/home/1324183,"bridgeMLS, Bay East AOR, or Contra Costa AOR",41007215,N,Y,37.8407723,-122.2032824
MLS Listing,,Single Family Residential,25495 University Ct,Hayward,CA,94542,1050000,3,2.0,Highlands,1788,8641,1978,4,587,,Active,,,https://www.redfin.com/CA/Hayward/25495-University-Ct-94542/home/1785053,"bridgeMLS, Bay East AOR, or Contra Costa AOR",41007214,N,Y,37.6631223,-122.0572439
MLS Listing,,Condo/Co-op,6400 Christie Ave #4416,Emeryville,CA,94608,449000,1,1.0,Emeryville,658,286590,1988,4,682,519,Active,,,https://www.redfin.com/CA/Emeryville/6400-Christie-Ave-94608/unit-4416/home/1881706,"bridgeMLS, Bay East AOR, or Contra Costa AOR",41006655,N,Y,37.846127,-122.2954793
MLS Listing,,Single Family Residential,608 Tiffany Rd,San Leandro,CA,94577,638000,2,1.0,Davis West,1115,5000,1948,4,572,,Active,,,https://www.redfin.com/CA/San-Leandro/608-Tiffany-Rd-94577/home/1311570,"bridgeMLS, Bay East AOR, or Contra Costa AOR",41007209,N,Y,37.7227025,-122.1832744
MLS Listing,,Single Family Residential,2706 68Th Ave,Oakland,CA,94605,699900,3,2.0,Havenscourt,1822,4515,1924,4,384,,Active,,,https://www.redfin.com/CA/Oakland/2706-68th-Ave-94605/home/1607658,"bridgeMLS, Bay East AOR, or Contra Costa AOR",41007207,N,Y,37.7677665,-122.1810572
MLS Listing,,Single Family Residential,4507 Ellen St,Oakland,CA,94601,508000,2,1.0,High Street,741,2200,1928,4,686,,Active,,,https://www.redfin.com/CA/Oakland/4507-Ellen-St-94601/home/1307163,"bridgeMLS, Bay East AOR, or Contra Costa AOR",41007205,N,Y,37.7762285,-122.2079708
MLS Listing,,Single Family Residential,1065 Edgemere Ln,Hayward,CA,94545,975000,3,2.0,Southgate,1276,5130,1958,4,764,,Active,,,https://www.redfin.com/CA/Hayward/1065-Edgemere-Ln-94545/home/1908271,"bridgeMLS, Bay East AOR, or Contra Costa AOR",41007204,N,Y,37.6446383,-122.0964598
MLS Listing,,Single Family Residential,3031 Fernside Blvd,Alameda,CA,94501,1195000,3,2.0,East End,1519,4000,1940,4,787,,Active,September-11-2022 03:00 PM,September-11-2022 04:00 PM,https://www.redfin.com/CA/Alameda/3031-Fernside-Blvd-94501/home/1226754,"bridgeMLS, Bay East AOR, or Contra Costa AOR",41007202,N,Y,37.7648011,-122.2278301
MLS Listing,,Mobile/Manufactured Home,1468 Grand Ave #1,San Leandro,CA,94577,115900,1,1.0,San Leandro,10000,,,4,12,,Active,,,https://www.redfin.com/CA/San-Leandro/1468-Grand-Ave-94577/unit-1/home/177931768,"bridgeMLS, Bay East AOR, or Contra Costa AOR",41007200,N,Y,37.7275363,-122.139155
MLS Listing,,Single Family Residential,6780 Oakwood Dr,Oakland,CA,94611,1699000,4,4.5,Montclair,3912,9867,1995,4,434,,Active,,,https://www.redfin.com/CA/Oakland/6780-Oakwood-Dr-94611/home/1946836,"bridgeMLS, Bay East AOR, or Contra Costa AOR",41007189,N,Y,37.842202,-122.1987491
MLS Listing,,Single Family Residential,1912 Gomes Rd,Fremont,CA,94539,1388000,3,2.0,Mission San Jose,1248,3192,1968,4,1112,,Active,,,https://www.redfin.com/CA/Fremont/1912-Gomes-Rd-94539/home/1927026,"bridgeMLS, Bay East AOR, or Contra Costa AOR",41007179,N,Y,37.5418492,-121.9499218
MLS Listing,,Condo/Co-op,4308 Clarinbridge Cir,Dublin,CA,94568,849999,2,2.5,Dublin,1401,18669,2003,4,607,357,Active,September-10-2022 02:00 PM,September-10-2022 04:00 PM,https://www.redfin.com/CA/Dublin/4308-Clarinbridge-Cir-94568/home/1149210,San Francisco MLS,422690609,N,Y,37.706397,-121.866827
MLS Listing,,Single Family Residential,2662 Fruitvale Ave,Oakland,CA,94601,367000,4,2.0,Fruitvale Distr,1372,3656,2004,4,267,,Active,,,https://www.redfin.com/CA/Oakland/2662-Fruitvale-Ave-94601/home/1218623,"bridgeMLS, Bay East AOR, or Contra Costa AOR",41007187,N,Y,37.789943,-122.220073
MLS Listing,,Single Family Residential,2258 Valorie St,Fremont,CA,94539,1299000,3,2.0,Mission San Jose,1232,5700,1955,4,1054,,Active,,,https://www.redfin.com/CA/Fremont/2258-Valorie-St-94539/home/1393685,"bridgeMLS, Bay East AOR, or Contra Costa AOR",41007184,N,Y,37.5348912,-121.9428892
MLS Listing,,Single Family Residential,26300 Ventura Ave,Hayward,CA,94544,890000,3,2.0,HAYWARD,1736,5005,1953,4,513,,Active,,,https://www.redfin.com/CA/Hayward/26300-Ventura-Ave-94544/home/1584697,MLSListings,ML81905775,N,Y,37.6437883,-122.0783073
MLS Listing,,Single Family Residential,1682 69th Ave,Oakland,CA,94621,475000,3,1.0,Heginberger,878,2950,1925,4,541,,Active,,,https://www.redfin.com/CA/Oakland/1682-69th-Ave-94621/home/1904721,"bridgeMLS, Bay East AOR, or Contra Costa AOR",41007174,N,Y,37.7625761,-122.1869549
MLS Listing,,Single Family Residential,4328 Cahill St,Fremont,CA,94538,998000,3,2.0,South Sundale,1201,5300,1955,4,831,,Active,,,https://www.redfin.com/CA/Fremont/4328-Cahill-St-94538/home/1922311,"bridgeMLS, Bay East AOR, or Contra Costa AOR",41005783,N,Y,37.5340576,-121.970395
MLS Listing,,Single Family Residential,38504 Gary Lee King Ter,Fremont,CA,94536,1249000,3,2.5,Fremont,1658,1825,2012,4,753,262,Active,,,https://www.redfin.com/CA/Fremont/38504-Gary-Lee-King-Ter-94536/home/50263709,"bridgeMLS, Bay East AOR, or Contra Costa AOR",41007167,N,Y,37.565902,-121.9749672
MLS Listing,,Single Family Residential,8015 Canyon Creek Cir,Pleasanton,CA,94588,1699000,5,3.5,Canyon Creek,2127,5317,1996,4,799,118,Active,,,https://www.redfin.com/CA/Pleasanton/8015-Canyon-Creek-Cir-94588/home/1742551,"bridgeMLS, Bay East AOR, or Contra Costa AOR",41007166,N,Y,37.6970749,-121.9527992
MLS Listing,,Condo/Co-op,5593 Roundtree Ter,Fremont,CA,94538,600000,2,1.0,Roundtree,945,1365,1970,4,635,323,Active,,,https://www.redfin.com/CA/Fremont/5593-Roundtree-Cmn-94538/home/1519815,"bridgeMLS, Bay East AOR, or Contra Costa AOR",41005213,N,Y,37.5251193,-121.9881608
MLS Listing,,Single Family Residential,40475 Blacow Rd,Fremont,CA,94538,1188000,3,2.0,FREMONT,1036,5700,1960,4,1147,,Active,,,https://www.redfin.com/CA/Fremont/40475-Blacow-Rd-94538/home/1109490,MLSListings,ML81903689,N,Y,37.525713,-121.9784366
MLS Listing,,Townhouse,5378 Port Sailwood Dr,Newark,CA,94560,949950,3,2.5,Newark,1498,,1983,4,634,495,Active,,,https://www.redfin.com/CA/Newark/5378-Port-Sailwood-Dr-94560/home/181392512,"bridgeMLS, Bay East AOR, or Contra Costa AOR",41007155,N,Y,37.5443921,-122.0279385
MLS Listing,,Mobile/Manufactured Home,98 BROOK Ter,Fremont,CA,94538,99000,2,1.5,Fremont,720,,,4,138,,Active,,,https://www.redfin.com/CA/Fremont/98-Brook-Ter-94538/home/181392360,"bridgeMLS, Bay East AOR, or Contra Costa AOR",41007152,N,Y,37.5116624,-121.9594539
MLS Listing,,Multi-Family (2-4 Unit),14670 Midland Rd,San Leandro,CA,94578,995000,,,San Leandro,1800,5005,1952,4,553,,Active,,,https://www.redfin.com/CA/San-Leandro/14670-Midland-Rd-94578/home/789984,"bridgeMLS, Bay East AOR, or Contra Costa AOR",41007146,N,Y,37.7150029,-122.125036
MLS Listing,,Townhouse,"1700 Third Unit Alameda, CA",Alameda,CA,94501,574000,2,1.0,Alameda,730,,1943,4,786,357,Active,,,https://www.redfin.com/CA/Alameda/1700-3rd-St-94501/unit-Alameda-CA/home/180526414,"bridgeMLS, Bay East AOR, or Contra Costa AOR",41007147,N,Y,37.7766569,-122.2879202
MLS Listing,,Condo/Co-op,2515 Central Ave #105,Alameda,CA,94501,799000,2,2.0,Alameda,1271,15748,1975,4,629,385,Active,,,https://www.redfin.com/CA/Alameda/2515-Central-Ave-94501/unit-105/home/723887,"bridgeMLS, Bay East AOR, or Contra Costa AOR",41007143,N,Y,37.7634644,-122.2400852
MLS Listing,,Condo/Co-op,1321 Webster St Unit D311,Alameda,CA,94501,449000,1,1.0,Park Webster,701,35258,1970,4,641,511,Active,September-6-2022 11:00 AM,September-6-2022 01:00 PM,https://www.redfin.com/CA/Alameda/1321-Webster-St-94501/unit-D311/home/743212,"bridgeMLS, Bay East AOR, or Contra Costa AOR",41006050,N,Y,37.7698716,-122.2776617
MLS Listing,,Single Family Residential,2230 57Th Ave,Oakland,CA,94605,627000,3,2.0,Alameda County,1037,4180,1914,4,605,,Active,,,https://www.redfin.com/CA/Oakland/2230-57th-Ave-94605/home/1862703,"bridgeMLS, Bay East AOR, or Contra Costa AOR",41007139,N,Y,37.7704184,-122.1951134
MLS Listing,,Single Family Residential,955 Ventura Ave,Livermore,CA,94551,876000,3,2.0,Livermore,1080,6303,1956,4,811,,Active,September-10-2022 12:00 PM,September-10-2022 02:00 PM,https://www.redfin.com/CA/Livermore/955-Ventura-Ave-94551/home/1997811,"bridgeMLS, Bay East AOR, or Contra Costa AOR",41007135,N,Y,37.6812203,-121.7846088
MLS Listing,,Single Family Residential,8242 Juniper Ave,Newark,CA,94560,1149000,4,3.0,Central Newark,1400,5300,1955,4,821,,Active,,,https://www.redfin.com/CA/Newark/8242-Juniper-Ave-94560/home/1956554,"bridgeMLS, Bay East AOR, or Contra Costa AOR",41006789,N,Y,37.5251249,-122.047854
MLS Listing,,Single Family Residential,6624 Estates Dr,Oakland,CA,94611,1795000,4,2.5,Montclair,2090,5580,1977,4,859,,Active,,,https://www.redfin.com/CA/Piedmont/6624-Estates-Dr-94611/home/1483909,"bridgeMLS, Bay East AOR, or Contra Costa AOR",41007132,N,Y,37.8233806,-122.2115395
MLS Listing,,Condo/Co-op,162 Shaniko Cmn #66,Fremont,CA,94539,769000,3,2.0,Warm Springs,1150,9945,1987,4,669,350,Active,,,https://www.redfin.com/CA/Fremont/162-Shaniko-Cmn-94539/unit-66/home/1097785,"bridgeMLS, Bay East AOR, or Contra Costa AOR",41007131,N,Y,37.4881018,-121.926603
MLS Listing,,Condo/Co-op,7430 Oxford Cir #72,Dublin,CA,94568,828888,2,2.5,DUBLIN,1346,,1990,4,616,408,Active,,,https://www.redfin.com/CA/Dublin/7430-Oxford-Cir-94568/unit-72/home/1866413,MLSListings,ML81905836,N,Y,37.723909,-121.912288
MLS Listing,,Single Family Residential,1407 Hearst Ave,Berkeley,CA,94702,1750000,4,2.0,BERKELEY,1652,5000,1924,4,1059,,Active,,,https://www.redfin.com/CA/Berkeley/1407-Hearst-Ave-94702/home/1904044,MLSListings,ML81905436,N,Y,37.8718362,-122.2840326
MLS Listing,,Single Family Residential,4402 Sacramento Ave,Fremont,CA,94538,1090000,4,2.0,Sundale,1252,6001,1961,4,871,,Active,,,https://www.redfin.com/CA/Fremont/4402-Sacramento-Ave-94538/home/1055187,"bridgeMLS, Bay East AOR, or Contra Costa AOR",41007127,N,Y,37.5420991,-121.9891874
MLS Listing,,Single Family Residential,2402 26th Ave,Oakland,CA,94601,899000,4,3.0,Oakland,2675,4280,1908,4,336,,Active,,,https://www.redfin.com/CA/Oakland/2402-26th-Ave-94601/home/1702088,San Francisco MLS,422689554,N,Y,37.7884015,-122.225093
MLS Listing,,Single Family Residential,3241 Arkansas St,Oakland,CA,94602,799000,3,1.5,Lower Laurel,1440,7000,1937,5,555,,Active,,,https://www.redfin.com/CA/Oakland/3241-Arkansas-St-94602/home/1891475,"bridgeMLS, Bay East AOR, or Contra Costa AOR",41007121,N,Y,37.7940653,-122.2071728
MLS Listing,,Condo/Co-op,928 Franklin St #633,Oakland,CA,94607,499999,2,2.0,Chinatown,806,98093,1993,5,620,817,Active,,,https://www.redfin.com/CA/Oakland/928-Franklin-St-94607/unit-633/home/181044769,"bridgeMLS, Bay East AOR, or Contra Costa AOR",41007119,N,Y,37.8006854,-122.2713993
MLS Listing,,Single Family Residential,4732 Westwood Ave,Fremont,CA,94536,950000,3,2.0,Fremont,1407,5524,1953,5,675,,Active,,,https://www.redfin.com/CA/Fremont/4732-Westwood-Ave-94536/home/897106,"bridgeMLS, Bay East AOR, or Contra Costa AOR",41004235,N,Y,37.545479,-122.0085096
MLS Listing,,Single Family Residential,3287 Edinburgh Dr,Livermore,CA,94551,1628000,4,3.0,Portola Glen,2714,8711,1994,5,600,,Active,,,https://www.redfin.com/CA/Livermore/3287-Edinburgh-Dr-94551/home/2046691,"bridgeMLS, Bay East AOR, or Contra Costa AOR",41007118,N,Y,37.6922066,-121.7610632
MLS Listing,,Multi-Family (2-4 Unit),1129 82Nd Ave,Oakland,CA,94621,549000,,,Oakland,2332,5830,1925,5,235,,Active,,,https://www.redfin.com/CA/Oakland/1129-82nd-Ave-94621/home/1821158,"bridgeMLS, Bay East AOR, or Contra Costa AOR",41007115,N,Y,37.7536384,-122.1833631
MLS Listing,,Single Family Residential,7087 Skyline Blvd,Oakland,CA,94611,1099888,3,3.0,Oakland,3677,7389,2014,5,299,,Active,,,https://www.redfin.com/CA/Oakland/7087-Skyline-Blvd-94611/home/22720575,"bridgeMLS, Bay East AOR, or Contra Costa AOR",41007111,N,Y,37.8430776,-122.1955125
MLS Listing,,Single Family Residential,2093 tunnel Rd,Oakland,CA,94611,2249888,4,3.5,Claremont Hills,3759,12698,1993,5,599,,Active,October-1-2022 01:00 PM,October-1-2022 04:00 PM,https://www.redfin.com/CA/Oakland/2093-Tunnel-Rd-94611/home/679808,"bridgeMLS, Bay East AOR, or Contra Costa AOR",41007108,N,Y,37.8595303,-122.2204276
MLS Listing,,Condo/Co-op,33971 Milton St,Fremont,CA,94555,650000,2,2.0,Fremont,985,63339,1986,5,660,349,Active,,,https://www.redfin.com/CA/Fremont/33971-Milton-St-94555/home/181371198,"bridgeMLS, Bay East AOR, or Contra Costa AOR",41007101,N,Y,37.5789937,-122.0430645
MLS Listing,,Single Family Residential,7860 Shady Creek Rd,Dublin,CA,94568,1629000,4,2.5,Willow Creek,2040,8245,1988,5,799,,Active,,,https://www.redfin.com/CA/Dublin/7860-Shady-Creek-Rd-94568/home/906845,"bridgeMLS, Bay East AOR, or Contra Costa AOR",41006954,N,Y,37.7269641,-121.9136873
MLS Listing,,Single Family Residential,3056 Badger Dr,Pleasanton,CA,94566,1248000,3,2.5,Shadow Cliffs,1619,3800,1989,5,771,50,Active,,,https://www.redfin.com/CA/Pleasanton/3056-Badger-Dr-94566/home/1200213,"bridgeMLS, Bay East AOR, or Contra Costa AOR",41007100,N,Y,37.667208,-121.8480104
MLS Listing,,Single Family Residential,2014 Oakland Ave,Piedmont,CA,94611,3300000,3,3.5,Central Piedmont,3074,5400,1905,5,1074,,Active,,,https://www.redfin.com/CA/Oakland/2014-Oakland-Ave-94611/home/1364651,"bridgeMLS, Bay East AOR, or Contra Costa AOR",41006624,N,Y,37.8263815,-122.2314203
MLS Listing,,Single Family Residential,50 Valley Vista Ct,Fremont,CA,94539,2650000,5,3.0,Mission,2679,16284,2000,5,989,175,Active,,,https://www.redfin.com/CA/Fremont/50-Valley-Vista-Ct-94539/home/1304954,"bridgeMLS, Bay East AOR, or Contra Costa AOR",41007090,N,Y,37.5241247,-121.9165323
MLS Listing,,Single Family Residential,2934 Worthing Cmn,Livermore,CA,94550,948000,4,3.5,Brighton,1955,1581,2016,5,485,108,Active,,,https://www.redfin.com/CA/Livermore/2934-Worthing-Cmn-94550/home/95473858,"bridgeMLS, Bay East AOR, or Contra Costa AOR",41007089,N,Y,37.6860805,-121.7616419
MLS Listing,,Single Family Residential,5625 Abington Ct,Newark,CA,94560,1498000,4,2.0,Rosemont,1829,10836,1963,5,819,,Active,,,https://www.redfin.com/CA/Newark/5625-Abington-Ct-94560/home/858739,"bridgeMLS, Bay East AOR, or Contra Costa AOR",41007083,N,Y,37.5519601,-122.0460336
MLS Listing,,Condo/Co-op,988 Franklin St #308,Oakland,CA,94607,538000,2,2.0,China Town,860,98093,1993,5,626,817,Active,,,https://www.redfin.com/CA/Oakland/988-Franklin-St-94607/unit-308/home/524724,"bridgeMLS, Bay East AOR, or Contra Costa AOR",41007079,N,Y,37.8009283,-122.2714057
MLS Listing,,Townhouse,228 Garden Cmn,Livermore,CA,94551,729000,2,2.5,Garden Common,1337,1196,1986,5,545,390,Active,,,https://www.redfin.com/CA/Livermore/228-Garden-Cmn-94551/home/927968,"bridgeMLS, Bay East AOR, or Contra Costa AOR",41007075,N,Y,37.6876518,-121.800107
MLS Listing,,Single Family Residential,1514 Santa Clara Ave,Alameda,CA,94501,795000,3,1.5,Alameda,1372,3400,1928,5,579,,Active,September-11-2022 02:00 PM,September-11-2022 04:00 PM,https://www.redfin.com/CA/Alameda/1514-Santa-Clara-Ave-94501/home/1535890,"bridgeMLS, Bay East AOR, or Contra Costa AOR",41007076,N,Y,37.7726253,-122.2601823
MLS Listing,,Single Family Residential,178 Barber St,Livermore,CA,94550,1275000,4,3.0,Jensen Tract,2057,6743,1993,5,620,,Active,,,https://www.redfin.com/CA/Livermore/178-Barber-St-94550/home/896758,"bridgeMLS, Bay East AOR, or Contra Costa AOR",41007068,N,Y,37.68759,-121.7485985
MLS Listing,,Condo/Co-op,2550 Dana St Unit 6F,Berkeley,CA,94704,399000,1,1.0,Berkeley Central,700,10972,1962,5,570,620,Active,September-11-2022 02:00 PM,September-11-2022 05:00 PM,https://www.redfin.com/CA/Berkeley/2550-Dana-St-94704/unit-6F/home/17188022,"bridgeMLS, Bay East AOR, or Contra Costa AOR",41007065,N,Y,37.8632015,-122.2606697
MLS Listing,,Single Family Residential,18388 Lake Chabot Rd,Castro Valley,CA,94546,950000,3,2.0,Lake Chabot,1781,6100,1955,5,533,,Active,,,https://www.redfin.com/CA/Castro-Valley/18388-Lake-Chabot-Rd-94546/home/1846372,"bridgeMLS, Bay East AOR, or Contra Costa AOR",41007064,N,Y,37.7114954,-122.0949065
MLS Listing,,Single Family Residential,33024 Alicante Ter,Union City,CA,94587,879000,3,2.5,Union City,1212,61990,1997,5,725,165,Active,,,https://www.redfin.com/CA/Union-City/33024-Alicante-Ter-94587/home/1413425,"bridgeMLS, Bay East AOR, or Contra Costa AOR",41004315,N,Y,37.6038571,-122.0303513
MLS Listing,,Condo/Co-op,24521 Diamond Ridge Dr,Hayward,CA,94544,629000,2,1.0,Hayward,1150,138271,1992,5,547,200,Active,,,https://www.redfin.com/CA/Hayward/24521-Diamond-Ridge-Dr-94544/home/181359579,"bridgeMLS, Bay East AOR, or Contra Costa AOR",41007061,N,Y,37.6572861,-122.090755
MLS Listing,,Single Family Residential,4898 Reinhardt Dr,Oakland,CA,94619,1075000,3,2.5,Redwood Heights,1426,6324,1967,5,754,,Active,,,https://www.redfin.com/CA/Oakland/4898-Reinhardt-Dr-94619/home/1957487,"bridgeMLS, Bay East AOR, or Contra Costa AOR",41007058,N,Y,37.7853065,-122.1799043
MLS Listing,,Single Family Residential,1072 Keeler Ave,Berkeley,CA,94708,1195000,2,1.0,Berkeley Hills,1170,8450,1949,5,1021,,Active,September-11-2022 02:00 PM,September-11-2022 04:30 PM,https://www.redfin.com/CA/Berkeley/1072-Keeler-Ave-94708/home/1044728,"bridgeMLS, Bay East AOR, or Contra Costa AOR",41007056,N,Y,37.8908781,-122.2600937
MLS Listing,,Single Family Residential,723 S K St,Livermore,CA,94550,1475000,4,3.0,Old South Side,2828,7500,1924,5,522,,Active,,,https://www.redfin.com/CA/Livermore/723-S-K-St-94550/home/1295196,"bridgeMLS, Bay East AOR, or Contra Costa AOR",41007050,N,Y,37.6760768,-121.7678515
MLS Listing,,Single Family Residential,993 Hoad St,San Leandro,CA,94579,849000,3,2.0,Washington Manor,1419,6175,1958,5,598,,Active,,,https://www.redfin.com/CA/San-Leandro/993-Hoad-St-94579/home/1884549,"bridgeMLS, Bay East AOR, or Contra Costa AOR",41007047,N,Y,37.6839423,-122.1445558
MLS Listing,,Single Family Residential,1128 Cedar St,Berkeley,CA,94702,1550000,2,2.0,N Berkeley,2120,5250,1925,5,731,,Active,,,https://www.redfin.com/CA/Berkeley/1128-Cedar-St-94702/home/1673172,"bridgeMLS, Bay East AOR, or Contra Costa AOR",41007043,N,Y,37.8752076,-122.2925689
MLS Listing,,Single Family Residential,96 Templar Pl,Oakland,CA,94618,1675000,3,3.0,Montclair,1884,7544,1961,5,889,,Active,September-10-2022 01:00 PM,September-10-2022 04:00 PM,https://www.redfin.com/CA/Oakland/96-Templar-Pl-94618/home/613164,"bridgeMLS, Bay East AOR, or Contra Costa AOR",41005860,N,Y,37.8314555,-122.2227326
MLS Listing,,Single Family Residential,4086 Compton Ct,Livermore,CA,94550,949000,3,2.0,Jensen Tract,1346,7468,1961,5,705,,Active,,,https://www.redfin.com/CA/Livermore/4086-Compton-Ct-94550/home/907801,"bridgeMLS, Bay East AOR, or Contra Costa AOR",41006203,N,Y,37.6847455,-121.7472184
MLS Listing,,Single Family Residential,4747 El Centro Ave,Oakland,CA,94602,998000,4,2.0,Glenview,1837,4200,1947,5,543,,Active,,,https://www.redfin.com/CA/Oakland/4747-El-Centro-Ave-94602/home/1256257,"bridgeMLS, Bay East AOR, or Contra Costa AOR",41007037,N,Y,37.812554,-122.218877
MLS Listing,,Condo/Co-op,1921 Paseo Laguna Seco,Livermore,CA,94551,660000,2,1.5,Livermore,982,1,1983,5,672,320,Active,,,https://www.redfin.com/CA/Livermore/1921-Paseo-Laguna-Seco-94551/home/181349699,"bridgeMLS, Bay East AOR, or Contra Costa AOR",41007033,N,Y,37.694932,-121.781092
MLS Listing,,Condo/Co-op,25938 Kay Ave #215,Hayward,CA,94545,499000,2,2.0,Southgate,1128,86553,1989,5,442,517,Active,,,https://www.redfin.com/CA/Hayward/25938-Kay-Ave-94545/unit-215/home/1985756,"bridgeMLS, Bay East AOR, or Contra Costa AOR",41006139,N,Y,37.640079,-122.097285
MLS Listing,,Multi-Family (2-4 Unit),1649 12Th Ave,Oakland,CA,94606,700000,,,Oakland,5600,4000,1920,5,125,,Active,,,https://www.redfin.com/CA/Oakland/1649-12th-Ave-94606/home/181349642,"bridgeMLS, Bay East AOR, or Contra Costa AOR",41007032,N,Y,37.7926326,-122.2455585
MLS Listing,,Multi-Family (2-4 Unit),3018 Deakin St,Berkeley,CA,94705,1200000,8,4.0,Berkeley,2082,4168,1911,5,576,,Active,,,https://www.redfin.com/CA/Berkeley/3018-Deakin-St-94705/home/1400560,"bridgeMLS, Bay East AOR, or Contra Costa AOR",41007029,N,Y,37.8550254,-122.2625751
MLS Listing,,Condo/Co-op,39109 Guardino Dr #139,Fremont,CA,94538,578000,2,1.0,FREMONT,857,,1987,5,674,556,Active,,,https://www.redfin.com/CA/Fremont/39109-Guardino-Dr-94538/unit-139/home/1616690,MLSListings,ML81905746,N,Y,37.5581389,-121.971217
MLS Listing,,Condo/Co-op,367 Line St,Hayward,CA,94544,517000,1,1.0,Hayward,429,,2021,5,1205,263,Active,,,https://www.redfin.com/CA/Hayward/367-Line-St-94544/home/181349343,"bridgeMLS, Bay East AOR, or Contra Costa AOR",41007027,N,Y,37.63034,-122.050725
MLS Listing,,Single Family Residential,3785 Cardinal Ter,Fremont,CA,94555,1070000,2,2.5,Fallbrook,1407,2704,1988,5,760,260,Active,,,https://www.redfin.com/CA/Fremont/3785-Cardinal-Ter-94555/home/1476479,"bridgeMLS, Bay East AOR, or Contra Costa AOR",41007021,N,Y,37.5804421,-122.047103
MLS Listing,,Single Family Residential,549 Pacific Ave,Alameda,CA,94501,960000,2,1.0,West End,874,5700,1906,5,1098,,Active,,,https://www.redfin.com/CA/Alameda/549-Pacific-Ave-94501/home/1259814,"bridgeMLS, Bay East AOR, or Contra Costa AOR",41006572,N,Y,37.7765449,-122.2799654
MLS Listing,,Vacant Land,2598 Scout Rd,Oakland,CA,94611,174000,,,Oakland,,8639,,5,,,Active,,,https://www.redfin.com/CA/Oakland/2598-Scout-Rd-94611/home/170002255,San Francisco MLS,422691143,N,Y,37.8199276,-122.2001218
MLS Listing,,Single Family Residential,1327 96Th Ave,Oakland,CA,94603,299000,1,1.0,East Oakland,584,5808,1940,5,512,,Active,,,https://www.redfin.com/CA/Oakland/1327-96th-Ave-94603/home/1588094,"bridgeMLS, Bay East AOR, or Contra Costa AOR",41007014,N,Y,37.7454026,-122.1727757
MLS Listing,,Single Family Residential,1420 Fernwood Dr,Oakland,CA,94611,1695000,3,3.0,Fernwood Area,2880,8742,1922,5,589,,Active,,,https://www.redfin.com/CA/Oakland/1420-Fernwood-Dr-94611/home/620648,"bridgeMLS, Bay East AOR, or Contra Costa AOR",41004028,N,Y,37.8356937,-122.2181225
MLS Listing,,Single Family Residential,872 Portola Dr,San Leandro,CA,94578,899000,4,2.5,Floresta Gardens,1885,5035,1956,5,477,,Active,,,https://www.redfin.com/CA/San-Leandro/872-Portola-Dr-94578/home/734432,"bridgeMLS, Bay East AOR, or Contra Costa AOR",41007008,N,Y,37.7023905,-122.1497014
MLS Listing,,Multi-Family (2-4 Unit),2003 - 2005 Crosby Ave,Oakland,CA,94601,825000,5,,Oakland,1573,3300,1911,5,524,,Active,,,https://www.redfin.com/CA/Oakland/2003-Crosby-Ave-94601/home/181344808,San Francisco MLS,422684297,N,Y,37.7824214,-122.2178873
MLS Listing,,Single Family Residential,547 Blue Jay Dr,Hayward,CA,94544,899777,3,2.5,The Elms,1610,2672,1979,5,559,360,Active,,,https://www.redfin.com/CA/Hayward/547-Blue-Jay-Dr-94544/home/1568374,"bridgeMLS, Bay East AOR, or Contra Costa AOR",41007002,N,Y,37.62945,-122.045249
MLS Listing,,Condo/Co-op,6562 Vallejo St,Emeryville,CA,94608,562100,2,2.0,Emeryville,1521,6970,2006,6,370,387,Active,September-10-2022 01:00 PM,September-10-2022 04:00 PM,https://www.redfin.com/CA/Oakland/6562-Vallejo-St-94608/home/12116506,San Francisco MLS,422690892,N,Y,37.8483556,-122.2884159
MLS Listing,,Single Family Residential,2774 Lakeview Dr,San Leandro,CA,94577,1400000,3,2.0,Bay O Vista,2088,8550,1965,6,670,,Active,,,https://www.redfin.com/CA/San-Leandro/2774-Lakeview-Dr-94577/home/715234,"bridgeMLS, Bay East AOR, or Contra Costa AOR",41007001,N,Y,37.719132,-122.1261896
MLS Listing,,Single Family Residential,24611 2nd St,Hayward,CA,94541,799000,3,1.5,Fairview,1283,5865,1954,6,623,,Active,,,https://www.redfin.com/CA/Hayward/24611-2nd-St-94541/home/1425642,"bridgeMLS, Bay East AOR, or Contra Costa AOR",41007000,N,Y,37.6685065,-122.066056
MLS Listing,,Single Family Residential,8700 Oak Tree Ln,Castro Valley,CA,94552,2348800,3,2.0,Castro Valley,2844,278892,1974,6,826,,Active,,,https://www.redfin.com/CA/Castro-Valley/8700-Oak-Tree-Ln-94552/home/833120,"bridgeMLS, Bay East AOR, or Contra Costa AOR",41006997,N,Y,37.7371899,-122.0265721
MLS Listing,,Single Family Residential,1903 Irving St,Oakland,CA,94601,899000,3,2.0,Meadowbrook,2840,5532,1900,6,317,,Active,,,https://www.redfin.com/CA/Oakland/1903-Irving-Ave-94601/home/834214,"bridgeMLS, Bay East AOR, or Contra Costa AOR",41006996,N,Y,37.7855742,-122.2303566
MLS Listing,,Single Family Residential,37327 Lantana Cmn,Fremont,CA,94536,1499900,4,2.5,Ivy Glen,1980,3975,1997,6,758,80,Active,,,https://www.redfin.com/CA/Fremont/37327-Lantana-Cmn-94536/home/1055041,"bridgeMLS, Bay East AOR, or Contra Costa AOR",41006993,N,Y,37.5459186,-122.0161042
MLS Listing,,Single Family Residential,3857 Mabel Ave,Castro Valley,CA,94546,995000,3,2.0,Castro Valley,1544,8379,1947,6,644,,Active,,,https://www.redfin.com/CA/Castro-Valley/3857-Mabel-Ave-94546/home/1721489,"bridgeMLS, Bay East AOR, or Contra Costa AOR",41006991,N,Y,37.7029202,-122.0763321
MLS Listing,,Single Family Residential,583 Boulevard Way,Piedmont,CA,94610,1198000,3,1.0,Piedmont,1556,3350,1923,6,770,,Active,,,https://www.redfin.com/CA/Piedmont/583-Boulevard-Way-94610/home/1701058,"bridgeMLS, Bay East AOR, or Contra Costa AOR",41006975,N,Y,37.8180019,-122.2397085
MLS Listing,,Single Family Residential,35911 Caxton Pl,Fremont,CA,94536,1699000,4,3.0,Brookvale,1811,6214,1968,6,938,,Active,September-10-2022 01:00 PM,September-10-2022 03:00 PM,https://www.redfin.com/CA/Fremont/35911-Caxton-Pl-94536/home/1454727,"bridgeMLS, Bay East AOR, or Contra Costa AOR",41005020,N,Y,37.5682517,-122.0199458
MLS Listing,,Condo/Co-op,1 Embarcadero W #351,Oakland,CA,94607,356000,1,1.0,Oakland,668,,1974,6,533,602,Active,,,https://www.redfin.com/CA/Oakland/1-Embarcadero-W-94607/unit-351/home/1969494,CRMLS,OC22181176,N,Y,37.790727,-122.267912
MLS Listing,,Single Family Residential,2040 Clemens Rd,Oakland,CA,94602,1498000,4,4.0,Oakmore,2481,6272,1947,6,604,,Active,September-11-2022 02:00 PM,September-11-2022 04:30 PM,https://www.redfin.com/CA/Oakland/2040-Clemens-Rd-94602/home/543873,"bridgeMLS, Bay East AOR, or Contra Costa AOR",41005407,N,Y,37.8101373,-122.2077491
MLS Listing,,Single Family Residential,5202 Reedley Way,Castro Valley,CA,94546,1060000,3,2.5,Upper Valley,1997,7372,1965,6,531,,Active,,,https://www.redfin.com/CA/Castro-Valley/5202-Reedley-Way-94546/home/1470240,"bridgeMLS, Bay East AOR, or Contra Costa AOR",41006947,N,Y,37.7164765,-122.0703619
MLS Listing,,Townhouse,3402 Green Acre Rd,Oakland,CA,94619,499900,2,1.5,Oakland,1272,,,6,393,,Active,,,https://www.redfin.com/CA/Oakland/3402-Green-Acre-Rd-94619/home/181338229,San Francisco MLS,422690952,N,Y,37.7856137,-122.1917494
MLS Listing,,Mobile/Manufactured Home,28223 Armour St #18,Hayward,CA,94545,219997,2,2.0,Glen Eden,960,,,6,229,,Active,,,https://www.redfin.com/CA/Hayward/28223-Armour-St-94545/unit-18/home/181339999,"bridgeMLS, Bay East AOR, or Contra Costa AOR",41006673,N,Y,37.6212308,-122.0856308
MLS Listing,,Single Family Residential,1461 College Ct,Union City,CA,94587,800000,3,2.0,Union City,1120,6322,1960,6,714,,Active,,,https://www.redfin.com/CA/Union-City/1461-College-Ct-94587/home/1047600,"bridgeMLS, Bay East AOR, or Contra Costa AOR",41006939,N,Y,37.5974126,-122.0284056
MLS Listing,,Condo/Co-op,1085 Murrieta Blvd #102,Livermore,CA,94550,398888,1,1.0,Livermore,758,184754,1974,6,526,420,Active,,,https://www.redfin.com/CA/Livermore/1085-Murrieta-Blvd-94550/unit-102/home/1295275,"bridgeMLS, Bay East AOR, or Contra Costa AOR",41006936,N,Y,37.6754698,-121.7812487
MLS Listing,,Single Family Residential,6595 Ridgewood Dr,Castro Valley,CA,94552,1388888,3,2.5,Palomares Hills,2256,6720,1991,6,616,70,Active,,,https://www.redfin.com/CA/Castro-Valley/6595-Ridgewood-Dr-94552/home/1705531,"bridgeMLS, Bay East AOR, or Contra Costa AOR",41006935,N,Y,37.7098872,-122.0296046
MLS Listing,,Single Family Residential,1725 36Th Ave,Oakland,CA,94601,750000,3,2.0,Fruitvale,1043,4250,1910,6,719,,Active,,,https://www.redfin.com/CA/Oakland/1725-36th-Ave-94601/home/552554,"bridgeMLS, Bay East AOR, or Contra Costa AOR",41006932,N,Y,37.7802563,-122.2194191
MLS Listing,,Single Family Residential,28120 Riggs Ct,Hayward,CA,94542,949950,3,2.5,Hayward Hills,2168,7553,1986,6,438,95,Active,,,https://www.redfin.com/CA/Hayward/28120-Riggs-Ct-94542/home/1883951,"bridgeMLS, Bay East AOR, or Contra Costa AOR",41006928,N,Y,37.6475532,-122.0355104
MLS Listing,,Single Family Residential,9921 Pippin St,Oakland,CA,94603,550000,2,1.0,E Oakland,807,5000,1941,6,682,,Active,,,https://www.redfin.com/CA/Oakland/9921-Pippin-St-94603/home/1806045,"bridgeMLS, Bay East AOR, or Contra Costa AOR",41006925,N,Y,37.7376792,-122.1792724
MLS Listing,,Single Family Residential,40516 Ambar Pl,Fremont,CA,94539,1988000,4,2.5,Mission,2115,7622,1969,6,940,,Active,,,https://www.redfin.com/CA/Fremont/40516-Ambar-Pl-94539/home/1922227,"bridgeMLS, Bay East AOR, or Contra Costa AOR",41006642,N,Y,37.5501247,-121.9522659
MLS Listing,,Single Family Residential,41560 Beatrice St,Fremont,CA,94539,1849000,4,2.0,Mission District,1812,5565,1954,6,1020,,Active,,,https://www.redfin.com/CA/Fremont/41560-Beatrice-St-94539/home/1336350,"bridgeMLS, Bay East AOR, or Contra Costa AOR",41006922,N,Y,37.5356611,-121.9499107
MLS Listing,,Condo/Co-op,2550 Dana St Unit 3H,Berkeley,CA,94704,298000,0,1.0,Berkeley,500,10972,1962,7,596,349,Active,,,https://www.redfin.com/CA/Berkeley/2550-Dana-St-94704/unit-3H/home/17188033,"bridgeMLS, Bay East AOR, or Contra Costa AOR",41006920,N,Y,37.8632015,-122.2606697
MLS Listing,,Single Family Residential,351 Winton Ave,Hayward,CA,94544,985000,3,2.0,Burbank,1630,3784,1941,7,604,,Active,,,https://www.redfin.com/CA/Hayward/351-Winton-Ave-94544/home/2034200,"bridgeMLS, Bay East AOR, or Contra Costa AOR",41006819,N,Y,37.6622466,-122.0857196
MLS Listing,,Multi-Family (2-4 Unit),126 B St,Hayward,CA,94541,1199950,6,4.5,Hayward,2788,9150,1992,7,430,,Active,,,https://www.redfin.com/CA/Hayward/126-B-St-94541/home/1681762,"bridgeMLS, Bay East AOR, or Contra Costa AOR",41006916,N,Y,37.6667756,-122.0980131
MLS Listing,,Multi-Family (2-4 Unit),1616 AUSEON Ave,Oakland,CA,95621,575000,,,Oakland,1139,4000,1944,7,505,,Active,,,https://www.redfin.com/CA/Oakland/1616-Auseon-Ave-94621/home/1524924,"bridgeMLS, Bay East AOR, or Contra Costa AOR",41006915,N,Y,37.7531284,-122.1741393
MLS Listing,,Single Family Residential,1554 High St,Alameda,CA,94501,1310000,4,3.0,East End,2333,3800,1910,7,562,,Active,September-10-2022 02:00 PM,September-10-2022 04:00 PM,https://www.redfin.com/CA/Alameda/1554-High-St-94501/home/1746037,"bridgeMLS, Bay East AOR, or Contra Costa AOR",41006911,N,Y,37.7602133,-122.2294258
MLS Listing,,Condo/Co-op,585 9TH St #448,Oakland,CA,94607-3905,365000,0,1.0,Downtown,587,5000,2006,7,622,336,Active,,,https://www.redfin.com/CA/Oakland/585-9th-St-94607/unit-448/home/2113233,"bridgeMLS, Bay East AOR, or Contra Costa AOR",41006907,N,Y,37.8019344,-122.2764313
MLS Listing,,Condo/Co-op,975 Murrieta Blvd #7,Livermore,CA,94550,379950,1,1.0,Murrieta,690,90802,1972,7,551,340,Active,,,https://www.redfin.com/CA/Livermore/975-Murrieta-Blvd-94550/unit-7/home/173106896,"bridgeMLS, Bay East AOR, or Contra Costa AOR",41006900,N,Y,37.6757824,-121.7855715
MLS Listing,,Single Family Residential,178 Emory Cmn,Fremont,CA,94539,2250000,4,3.0,FREMONT,2375,4000,2016,7,947,200,Active,,,https://www.redfin.com/CA/Fremont/178-Emory-Cmn-94539/home/103182340,MLSListings,ML81905594,N,Y,37.5406648,-121.926578
MLS Listing,,Townhouse,3605 Whitworth Dr,Dublin,CA,94568,1089000,3,3.5,Dublin Ranch,1906,,2004,7,571,225,Active,,,https://www.redfin.com/CA/Dublin/3605-Whitworth-Dr-94568/home/2022376,"bridgeMLS, Bay East AOR, or Contra Costa AOR",41006884,N,Y,37.70808,-121.868013
MLS Listing,,Condo/Co-op,6363 Christie Ave #3014,Emeryville,CA,94608,995000,2,2.0,EMERYVILLE,1600,224046,1984,7,622,912,Active,,,https://www.redfin.com/CA/Emeryville/6363-Christie-Ave-94608/unit-3014/home/1807508,MLSListings,ML81905581,N,Y,37.8421301,-122.2966221
MLS Listing,,Condo/Co-op,15956 E 14Th St #209,San Leandro,CA,94578,498000,2,1.0,Ashland,811,51565,2008,7,614,350,Active,,,https://www.redfin.com/CA/San-Leandro/15956-E-14th-St-94578/unit-209/home/22962364,"bridgeMLS, Bay East AOR, or Contra Costa AOR",41006885,N,Y,37.6997863,-122.1195122
MLS Listing,,Condo/Co-op,9877 Macarthur Blvd Unit E,Oakland,CA,94605,673990,3,3.0,Oakland,1313,,,7,513,225,Active,,,https://www.redfin.com/CA/Oakland/9877-MacArthur-Blvd-94605/unit-E/home/181329623,BAREIS,322080558,N,Y,37.7473645,-122.157613
MLS Listing,,Single Family Residential,2726 Myrtle St,Oakland,CA,94607,939000,4,1.0,OAKLAND,1725,4375,1893,7,544,,Active,,,https://www.redfin.com/CA/Oakland/2726-Myrtle-St-94607/home/2035822,MLSListings,ML81905568,N,Y,37.8188992,-122.2779496
MLS Listing,,Townhouse,4152 Lucca Ct,Pleasanton,CA,94588,924888,2,2.5,Siena,1316,988,1997,7,703,239,Active,,,https://www.redfin.com/CA/Pleasanton/4152-Lucca-Ct-94588/home/1180426,"bridgeMLS, Bay East AOR, or Contra Costa AOR",41006878,N,Y,37.695352,-121.892424
MLS Listing,,Condo/Co-op,590 El Dorado Ave #304,Oakland,CA,94611,475000,1,1.0,Piedmont Avenue,803,,1972,7,592,415,Active,,,https://www.redfin.com/CA/Oakland/590-El-Dorado-Ave-94611/unit-304/home/1605591,"bridgeMLS, Bay East AOR, or Contra Costa AOR",41006421,N,Y,37.8216983,-122.2525383
MLS Listing,,Single Family Residential,1344 99th Ave,Oakland,CA,94603,699000,3,3.0,East Oakland,1545,3666,1946,7,452,,Active,,,https://www.redfin.com/CA/Oakland/1344-99th-Ave-94603/home/1330379,"bridgeMLS, Bay East AOR, or Contra Costa AOR",41006429,N,Y,37.7431434,-122.1705472
MLS Listing,,Mobile/Manufactured Home,27924 Pueblo Spgs,Hayward,CA,94545,275000,2,2.0,Hayward,1512,,,7,182,,Active,,,https://www.redfin.com/CA/Hayward/27924-Pueblo-Crk-94545/home/181452431,"bridgeMLS, Bay East AOR, or Contra Costa AOR",41006865,N,Y,37.6206021,-122.0979768
MLS Listing,,Condo/Co-op,38500 Paseo Padre Pkwy #206,Fremont,CA,94536,539888,2,1.0,Parkmont Area,950,185282,1970,7,568,490,Active,,,https://www.redfin.com/CA/Fremont/38500-Paseo-Padre-Pkwy-94536/unit-206/home/1534354,"bridgeMLS, Bay East AOR, or Contra Costa AOR",41006864,N,Y,37.557532,-121.987255
MLS Listing,,Condo/Co-op,1085 Murrieta Blvd #202,Livermore,CA,94550,389000,1,1.0,Murrieta,758,184754,1974,7,513,420,Active,,,https://www.redfin.com/CA/Livermore/1085-Murrieta-Blvd-94550/unit-202/home/181322199,"bridgeMLS, Bay East AOR, or Contra Costa AOR",41006862,N,Y,37.6754698,-121.7812487
MLS Listing,,Multi-Family (2-4 Unit),2311 73rd Ave,Oakland,CA,94605,760000,8,4.0,Oakland,3045,7008,1915,7,250,,Active,,,https://www.redfin.com/CA/Oakland/2311-73rd-Ave-94605/home/1256848,"bridgeMLS, Bay East AOR, or Contra Costa AOR",41006668,N,Y,37.7647032,-122.1792391
MLS Listing,,Multi-Family (2-4 Unit),4251 Quigley Pl,Oakland,CA,94619,799000,0,,Oakland,,3449,1941,7,,,Active,,,https://www.redfin.com/CA/Oakland/4251-Quigley-Pl-94619/home/552768,MetroList,222114283,N,Y,37.7866577,-122.1972416
MLS Listing,,Single Family Residential,40689 Canyon Heights Dr,Fremont,CA,94539,2299000,4,2.0,Kimber Park,1708,6981,1975,7,1346,,Active,,,https://www.redfin.com/CA/Fremont/40689-Canyon-Heights-Dr-94539/home/1104148,"bridgeMLS, Bay East AOR, or Contra Costa AOR",41005524,N,Y,37.5545984,-121.9428892
MLS Listing,,Vacant Land,1409 Glendale Ave,Berkeley,CA,94708,475000,,,Berkeley,,5541,,7,,,Active,,,https://www.redfin.com/CA/Berkeley/1409-Glendale-Ave-94708/home/22724780,"bridgeMLS, Bay East AOR, or Contra Costa AOR",41006846,N,Y,37.8844182,-122.2539276
MLS Listing,,Condo/Co-op,4141 Piedmont Ave #302,Oakland,CA,94611,495000,1,1.0,Oakland,625,5544,,7,792,485,Active,,,https://www.redfin.com/CA/Oakland/4141-Piedmont-Ave-94611/unit-302/home/1618044,San Francisco MLS,422689974,N,Y,37.827178,-122.2518514
MLS Listing,,Condo/Co-op,129 Cypress Loop,Hayward,CA,94544,928000,3,2.5,HAYWARD,1817,,2016,8,511,276,Active,,,https://www.redfin.com/CA/Hayward/129-Cypress-Lp-94544/home/143117521,MLSListings,ML81905503,N,Y,37.6511848,-122.0691164
MLS Listing,,Other,5901 Camino Tassajara Rd,Pleasanton,CA,94588,7500000,7,4.0,PLEASANTON,4678,470884,1978,8,1603,,Active,,,https://www.redfin.com/CA/PLEASANTON/5901-Camino-Tassajara-94588/home/181301708,MLSListings,ML81905502,N,Y,37.6873908,-121.9131761
MLS Listing,,Multi-Family (2-4 Unit),3038 35Th Ave,Oakland,CA,94619,950000,6,3.0,Oakland,2682,3650,1924,8,354,,Active,,,https://www.redfin.com/CA/Oakland/3038-35th-Ave-94619/home/1952424,"bridgeMLS, Bay East AOR, or Contra Costa AOR",41006822,N,Y,37.7903815,-122.2059314
MLS Listing,,Vacant Land,0 Sayre Dr,Oakland,CA,94611,105000,,,Oakland,,9469,,9,,,Active,,,https://www.redfin.com/CA/Oakland/Sayre-Dr-94611/home/21669142,"bridgeMLS, Bay East AOR, or Contra Costa AOR",41006820,N,Y,37.8340137,-122.1951103
MLS Listing,,Single Family Residential,2058 Rutherford Ln,Fremont,CA,94539,4495000,6,7.0,Vineyard Heights,5519,24162,2000,9,814,165,Active,,,https://www.redfin.com/CA/Fremont/2058-Rutherford-Ln-94539/home/1878694,"bridgeMLS, Bay East AOR, or Contra Costa AOR",41006816,N,Y,37.5104,-121.9091308
MLS Listing,,Single Family Residential,26520 Hayward Blvd,Hayward,CA,94542,1288000,3,3.5,HAYWARD,1928,2119,2017,9,668,275,Active,,,https://www.redfin.com/CA/Hayward/26520-Hayward-Blvd-94542/home/112885765,MLSListings,ML81905471,N,Y,37.6571528,-122.0490168
MLS Listing,,Single Family Residential,20009 Shadow Creek Cir,Castro Valley,CA,94552,1090000,3,2.5,Shadow Creek,1820,2971,1999,9,599,106,Active,,,https://www.redfin.com/CA/Castro-Valley/20009-Shadow-Creek-Cir-94552/home/1462423,"bridgeMLS, Bay East AOR, or Contra Costa AOR",41006813,N,Y,37.7011436,-122.0474988
MLS Listing,,Single Family Residential,22296 Western Blvd,Hayward,CA,94541,1200000,4,2.0,Hayward,1800,9357,1922,9,667,,Active,September-10-2022 01:00 PM,September-10-2022 05:00 PM,https://www.redfin.com/CA/Hayward/22296-Western-Blvd-94541/home/973482,MetroList,222113403,N,Y,37.6730545,-122.0913561
MLS Listing,,Vacant Land,0 MANZANITA Dr,Oakland,CA,94611-1130,299000,,,Montclair,,7078,,9,,,Active,,,https://www.redfin.com/CA/Oakland/Manzanita-Dr-94611/home/22809185,"bridgeMLS, Bay East AOR, or Contra Costa AOR",41006807,N,Y,37.840002,-122.192139
MLS Listing,,Single Family Residential,1204 Wood St,Oakland,CA,94607,639888,2,1.0,Prescott,765,2375,1895,9,836,,Active,,,https://www.redfin.com/CA/Oakland/1204-Wood-St-94607/home/628888,"bridgeMLS, Bay East AOR, or Contra Costa AOR",41006804,N,Y,37.8119775,-122.2986486
MLS Listing,,Single Family Residential,842 E 17th St,Oakland,CA,94606,649000,3,1.0,Clinton,1536,1900,1912,9,423,,Active,,,https://www.redfin.com/CA/Oakland/842-E-17th-St-94606/home/1964047,"bridgeMLS, Bay East AOR, or Contra Costa AOR",41006782,N,Y,37.7950583,-122.247863
MLS Listing,,Vacant Land,0 Keller,Oakland,CA,94605,349000,,,Oak Knoll Area,,81047,,9,,,Active,,,https://www.redfin.com/CA/OAKLAND/KELLER-AVE-94605/home/22679200,"bridgeMLS, Bay East AOR, or Contra Costa AOR",41006803,N,Y,37.770498,-122.132207
MLS Listing,,Single Family Residential,2598 Miramar Ave,Castro Valley,CA,94546,1049000,5,2.0,Castro Valley,1633,7020,1946,9,642,,Active,,,https://www.redfin.com/CA/Castro-Valley/2598-Miramar-Ave-94546/home/1102607,"bridgeMLS, Bay East AOR, or Contra Costa AOR",41006793,N,Y,37.7034025,-122.0998547
MLS Listing,,Single Family Residential,3553 Gray St,Oakland,CA,94601,700000,4,3.0,Harrington,1418,5148,1922,9,494,,Active,,,https://www.redfin.com/CA/Oakland/3553-Gray-St-94601/home/980261,"bridgeMLS, Bay East AOR, or Contra Costa AOR",41006791,N,Y,37.7841899,-122.2146205
MLS Listing,,Single Family Residential,1068 Evelyn Ave,Albany,CA,94706,898000,2,1.0,Albany,920,2500,1939,9,976,,Active,,,https://www.redfin.com/CA/Albany/1068-Evelyn-Ave-94706/home/948255,"bridgeMLS, Bay East AOR, or Contra Costa AOR",41006790,N,Y,37.8851675,-122.2929676
MLS Listing,,Single Family Residential,1149 Via Dolorosa,San Lorenzo,CA,94580,777000,3,1.0,San Lorenzo Vilg,1043,8547,1950,9,745,10,Active,,,https://www.redfin.com/CA/San-Lorenzo/1149-Via-Dolorosa-94580/home/1838867,"bridgeMLS, Bay East AOR, or Contra Costa AOR",41006788,N,Y,37.6664699,-122.1281861
MLS Listing,,Condo/Co-op,687 Royston Ln #228,Hayward,CA,94544,575000,2,2.0,HAYWARD,894,,1988,9,643,470,Active,,,https://www.redfin.com/CA/Hayward/687-Royston-Ln-94544/unit-228/home/2114894,MLSListings,ML81905449,N,Y,37.6325936,-122.0447238
MLS Listing,,Single Family Residential,5615 Greeley Pl,Fremont,CA,94538,1298000,3,2.0,FREMONT,1108,5974,1966,9,1171,,Active,,,https://www.redfin.com/CA/Fremont/5615-Greeley-Pl-94538/home/1981826,MLSListings,ML81905439,N,Y,37.5258275,-121.9904757
MLS Listing,,Single Family Residential,7112 Westmoorland Dr,Berkeley,CA,94705,1998000,4,3.5,Claremont Hills,4070,5750,2002,9,491,,Active,,,https://www.redfin.com/CA/Berkeley/7112-Westmoorland-Dr-94705/home/1564915,"bridgeMLS, Bay East AOR, or Contra Costa AOR",41006781,N,Y,37.8608555,-122.2229764
MLS Listing,,Single Family Residential,24135 Machado Ct,Hayward,CA,94541,1098000,3,2.0,HAYWARD,1512,10196,1984,10,726,58,Active,,,https://www.redfin.com/CA/Hayward/24135-Machado-Ct-94541/home/963107,MLSListings,ML81905437,N,Y,37.6803986,-122.0456118
MLS Listing,,Single Family Residential,16366 Blanco St,San Leandro,CA,94578,749000,3,1.0,Old San Leandro,1018,5300,1947,10,736,,Active,,,https://www.redfin.com/CA/San-Leandro/16366-Blanco-St-94578/home/778621,"bridgeMLS, Bay East AOR, or Contra Costa AOR",41006777,N,Y,37.6960969,-122.1132781
MLS Listing,,Single Family Residential,534 Windermere Cir,Livermore,CA,94551,1525000,4,2.0,Portola Glen,2095,8597,1993,10,728,,Active,,,https://www.redfin.com/CA/Livermore/534-Windermere-Cir-94551/home/912209,"bridgeMLS, Bay East AOR, or Contra Costa AOR",41006771,N,Y,37.6915255,-121.7588375
MLS Listing,,Single Family Residential,6140 Rockrose Dr,Newark,CA,94560,800000,4,2.0,Mowry West,1587,8023,1966,10,504,,Active,,,https://www.redfin.com/CA/Newark/6140-Rockrose-Dr-94560/home/1363688,"bridgeMLS, Bay East AOR, or Contra Costa AOR",41006768,N,Y,37.5248524,-122.0121959
MLS Listing,,Single Family Residential,1618 70Th Ave,Oakland,CA,94621,699000,4,3.0,Havenscourt Area,1800,4972,1915,10,388,,Active,,,https://www.redfin.com/CA/Oakland/1618-70th-Ave-94621/home/747841,"bridgeMLS, Bay East AOR, or Contra Costa AOR",41005453,N,Y,37.7615833,-122.1873983
MLS Listing,,Single Family Residential,18124 Lamson Rd,Castro Valley,CA,94546,1250000,3,2.0,Castro Valley,1356,11250,1950,10,922,,Active,,,https://www.redfin.com/CA/Castro-Valley/18124-Lamson-Rd-94546/home/1274083,"bridgeMLS, Bay East AOR, or Contra Costa AOR",41005422,N,Y,37.7149863,-122.0832785
MLS Listing,,Single Family Residential,21824 Dolores St,Castro Valley,CA,94546,999888,3,3.0,Castro Valley,1836,6480,1948,10,545,,Active,,,https://www.redfin.com/CA/Castro-Valley/21824-Dolores-St-94546/home/1276510,"bridgeMLS, Bay East AOR, or Contra Costa AOR",41006037,N,Y,37.6863281,-122.0788177
MLS Listing,,Single Family Residential,6133 Buena Ventura Ave,Oakland,CA,94605,949000,3,2.0,Millmont,1764,4400,1926,10,538,,Active,,,https://www.redfin.com/CA/Oakland/6133-Buena-Ventura-Ave-94605/home/564326,"bridgeMLS, Bay East AOR, or Contra Costa AOR",41006755,N,Y,37.7779256,-122.1778201
MLS Listing,,Single Family Residential,1035 Geneva St,Livermore,CA,94550,1395000,4,2.5,Livermore,2291,7000,1970,10,609,,Active,,,https://www.redfin.com/CA/Livermore/1035-Geneva-St-94550/home/1331726,"bridgeMLS, Bay East AOR, or Contra Costa AOR",41004650,N,Y,37.670661,-121.772707
MLS Listing,,Single Family Residential,1720 Holly Cmn,Livermore,CA,94550,997950,3,2.5,Livermore,1925,3899,2002,10,518,132,Active,,,https://www.redfin.com/CA/Livermore/1720-Holly-Cmn-94550/home/1224464,MetroList,222113280,N,Y,37.6816425,-121.7204142
MLS Listing,,Single Family Residential,2431 Linden St,Oakland,CA,94607,980000,4,3.0,Oakland West,1692,3300,1895,10,579,,Active,,,https://www.redfin.com/CA/Oakland/2431-Linden-St-94607/home/1725694,"bridgeMLS, Bay East AOR, or Contra Costa AOR",41006751,N,Y,37.8173883,-122.2811838
MLS Listing,,Multi-Family (2-4 Unit),1059 47Th St,Emeryville,CA,94608,985000,5,3.0,Emeryville,2256,5305,1900,10,437,,Active,,,https://www.redfin.com/CA/Emeryville/1059-47th-St-94608/home/731308,"bridgeMLS, Bay East AOR, or Contra Costa AOR",41006750,N,Y,37.8358334,-122.2791901
MLS Listing,,Single Family Residential,6013 Basaltina Pl,Dublin,CA,94568,1499112,4,3.5,Dublin,2376,2242,2022,10,631,137,Active,,,https://www.redfin.com/CA/Dublin/6013-Basaltina-PL-94568/home/180411735,"bridgeMLS, Bay East AOR, or Contra Costa AOR",41006744,N,Y,37.70997,-121.9063
MLS Listing,,Single Family Residential,2046 Trombas Ave,San Leandro,CA,94577,948800,3,2.0,Assumption Parsh,1501,5015,1944,10,632,,Active,,,https://www.redfin.com/CA/San-Leandro/2046-Trombas-Ave-94577/home/1468802,"bridgeMLS, Bay East AOR, or Contra Costa AOR",41006733,N,Y,37.7207366,-122.1431363
MLS Listing,,Single Family Residential,1765 141St Ave,San Leandro,CA,94578,679900,3,1.0,San Leandro,1080,5670,1941,10,630,,Active,,,https://www.redfin.com/CA/San-Leandro/1765-141st-Ave-94578/home/1684792,"bridgeMLS, Bay East AOR, or Contra Costa AOR",41006732,N,Y,37.7172586,-122.1344415
MLS Listing,,Single Family Residential,1204 Vistagrand Dr,San Leandro,CA,94577,1290000,3,2.5,Bay O Vista,2206,7700,1959,10,585,,Active,,,https://www.redfin.com/CA/San-Leandro/1204-Vistagrand-Dr-94577/home/1836816,"bridgeMLS, Bay East AOR, or Contra Costa AOR",41006735,N,Y,37.7189734,-122.1324229
MLS Listing,,Single Family Residential,1217 Burkhart Ave,San Leandro,CA,94579,845000,3,1.0,SAN LEANDRO,1095,6250,1950,10,772,,Active,,,https://www.redfin.com/CA/San-Leandro/1217-Burkhart-Ave-94579/home/1732176,MLSListings,ML81905399,N,Y,37.6858102,-122.1498345
MLS Listing,,Single Family Residential,3124 Linden St,Oakland,CA,94608,785000,2,1.0,West Oakland,1109,3125,1900,10,708,,Active,,,https://www.redfin.com/CA/Oakland/3124-Linden-St-94608/home/525211,"bridgeMLS, Bay East AOR, or Contra Costa AOR",41006714,N,Y,37.8228435,-122.2787803
MLS Listing,,Single Family Residential,3277 Greenwood Dr,Fremont,CA,94536,1328800,3,1.5,Parkmont,1153,9177,1951,10,1152,,Active,,,https://www.redfin.com/CA/Fremont/3277-Greenwood-Dr-94536/home/956937,"bridgeMLS, Bay East AOR, or Contra Costa AOR",41006712,N,Y,37.5612722,-122.0006034
MLS Listing,,Condo/Co-op,323 Monte Vis #202,Oakland,CA,94611,489000,1,1.0,Piedmont Avenue,652,24884,1967,10,750,464,Active,,,https://www.redfin.com/CA/Oakland/323-Monte-Vista-Ave-94611/unit-202/home/527117,"bridgeMLS, Bay East AOR, or Contra Costa AOR",41006710,N,Y,37.8223169,-122.2501293
MLS Listing,,Single Family Residential,3125 Saxon Ct,Fremont,CA,94555,1745000,5,3.0,Northgate,1746,6003,1971,10,999,,Active,,,https://www.redfin.com/CA/Fremont/3125-Saxon-Ct-94555/home/1685251,"bridgeMLS, Bay East AOR, or Contra Costa AOR",41006711,N,Y,37.5787717,-122.0309589
MLS Listing,,Single Family Residential,1319 Stony Brook Ln,Pleasanton,CA,94566,2899900,4,4.5,Nolan Farms,3588,8979,2000,10,808,98,Active,,,https://www.redfin.com/CA/Pleasanton/1319-Stony-Brook-Ln-94566/home/1974565,"bridgeMLS, Bay East AOR, or Contra Costa AOR",41006706,N,Y,37.666214,-121.8867231
MLS Listing,,Single Family Residential,2057 Hillside Cir,San Leandro,CA,94577,1450000,4,3.0,Bay O Vista,2556,16445,1974,10,567,,Active,,,https://www.redfin.com/CA/San-Leandro/2057-Hillside-Cir-94577/home/1335112,"bridgeMLS, Bay East AOR, or Contra Costa AOR",41006705,N,Y,37.7238296,-122.1343749
MLS Listing,,Single Family Residential,22745 Marolyn Ct,Hayward,CA,94541-3329,799999,3,2.0,Fairview,1007,5508,1950,10,794,,Active,,,https://www.redfin.com/CA/Hayward/22745-Marolyn-Ct-94541/home/796747,"bridgeMLS, Bay East AOR, or Contra Costa AOR",41006703,N,Y,37.6858643,-122.0574215
MLS Listing,,Single Family Residential,16715 Liberty,San Leandro,CA,94578,749900,3,2.0,Alameda County,1200,8000,1955,10,625,,Active,,,https://www.redfin.com/CA/San-Leandro/16715-Liberty-St-94578/home/1102086,"bridgeMLS, Bay East AOR, or Contra Costa AOR",41006701,N,Y,37.6950893,-122.1051577
MLS Listing,,Single Family Residential,4747 Cortez Ave,Fremont,CA,94536,1195000,3,2.0,Cabrillo,1168,5191,1956,10,1023,,Active,,,https://www.redfin.com/CA/Fremont/4747-Cortez-Ave-94536/home/1990316,"bridgeMLS, Bay East AOR, or Contra Costa AOR",41006702,N,Y,37.5547722,-122.0253415
MLS Listing,,Single Family Residential,821 Brooklyn Ave,Oakland,CA,94606,990000,3,2.0,Cleveland Heights,1299,4171,1920,10,762,,Active,September-11-2022 12:00 PM,September-11-2022 04:00 PM,https://www.redfin.com/CA/Oakland/821-Brooklyn-Ave-94606/home/533519,"bridgeMLS, Bay East AOR, or Contra Costa AOR",41006696,N,Y,37.8025664,-122.2431654
MLS Listing,,Single Family Residential,891 Dolores Ave,San Leandro,CA,94577,989000,4,2.0,Assumption Parsh,1438,5000,1949,10,688,,Active,,,https://www.redfin.com/CA/San-Leandro/891-Dolores-Ave-94577/home/1674670,"bridgeMLS, Bay East AOR, or Contra Costa AOR",41003397,N,Y,37.7260216,-122.1406078
MLS Listing,,Single Family Residential,9 Roman Eagle Ct,Pleasanton,CA,94566,2500000,4,3.0,Grey Eagle,2894,25881,1987,10,864,43,Active,,,https://www.redfin.com/CA/Pleasanton/9-Roman-Eagle-Ct-94566/home/1771344,"bridgeMLS, Bay East AOR, or Contra Costa AOR",41006692,N,Y,37.6573921,-121.8409379
MLS Listing,,Single Family Residential,2751 Frazier Ave,Oakland,CA,94605,765000,2,2.0,E Oakland,1271,4998,1946,10,602,,Active,,,https://www.redfin.com/CA/Oakland/2751-Frazier-Ave-94605/home/1413136,"bridgeMLS, Bay East AOR, or Contra Costa AOR",41006694,N,Y,37.746104,-122.1523628
MLS Listing,,Single Family Residential,2726 Madeline St,Oakland,CA,94602,849000,2,1.0,Oakland,,2660,1924,10,,,Active,,,https://www.redfin.com/CA/Oakland/2726-Madeline-St-94602/home/542001,San Francisco MLS,422690306,N,Y,37.8008208,-122.2067738
MLS Listing,,Single Family Residential,7574 Altura Pl,Oakland,CA,94605,1395000,4,2.0,Leona Heights,1806,168335,1956,10,772,,Active,,,https://www.redfin.com/CA/Oakland/7574-Altura-Pl-94605/home/1330306,"bridgeMLS, Bay East AOR, or Contra Costa AOR",41006689,N,Y,37.7758311,-122.1560443
MLS Listing,,Single Family Residential,2535 Chilton Way,Berkeley,CA,94704,1450000,4,2.0,Berkeley,1744,2589,1906,10,831,,Active,,,https://www.redfin.com/CA/Berkeley/2535-Chilton-Way-94704/home/1832717,San Francisco MLS,422690283,N,Y,37.8635945,-122.2593847
MLS Listing,,Single Family Residential,669 Paseo Del Rio Ave,San Lorenzo,CA,94580,798000,3,2.0,San Lorenzo,1514,8624,1944,10,527,10,Active,,,https://www.redfin.com/CA/San-Lorenzo/669-Paseo-Del-Rio-94580/home/821659,San Francisco MLS,422690250,N,Y,37.6841483,-122.1346633
MLS Listing,,Single Family Residential,1201 Sunnyhills Rd,Oakland,CA,94610,2295000,4,3.0,Crocker Hghlands,3290,7900,1923,10,698,,Active,,,https://www.redfin.com/CA/Oakland/1201-Sunnyhills-Rd-94610/home/526934,"bridgeMLS, Bay East AOR, or Contra Costa AOR",41006674,N,Y,37.8113913,-122.2251262
MLS Listing,,Single Family Residential,3592 Gresham Ct,Pleasanton,CA,94588,1738000,4,2.5,Pleasanton Mdws,2600,12900,1969,10,668,,Active,,,https://www.redfin.com/CA/Pleasanton/3592-Gresham-Ct-94588/home/534898,"bridgeMLS, Bay East AOR, or Contra Costa AOR",41006671,N,Y,37.6955321,-121.8763848
MLS Listing,,Single Family Residential,525 Douglas Ave,Oakland,CA,94603,575000,4,2.0,Brookfield,1578,6000,1922,10,364,,Active,,,https://www.redfin.com/CA/Oakland/525-Douglas-Ave-94603/home/1412976,"bridgeMLS, Bay East AOR, or Contra Costa AOR",41006662,N,Y,37.7324964,-122.1819885
MLS Listing,,Single Family Residential,18538 Mountain Ln,Castro Valley,CA,94552,1650000,4,2.0,Castro Valley,2176,14112,1967,10,758,,Active,,,https://www.redfin.com/CA/Castro-Valley/18538-Mountain-Ln-94552/home/1501743,"bridgeMLS, Bay East AOR, or Contra Costa AOR",41006659,N,Y,37.7149384,-122.0448126
MLS Listing,,Single Family Residential,6849 SNAKE Rd,Oakland,CA,94611,1495000,4,3.0,Montclair,2110,9592,1966,10,709,,Active,,,https://www.redfin.com/CA/Oakland/6849-Snake-Rd-94611/home/1433976,"bridgeMLS, Bay East AOR, or Contra Costa AOR",41006657,N,Y,37.8358136,-122.2019856
MLS Listing,,Single Family Residential,18407 Ranier Ave,Hayward,CA,94541-1634,874000,3,2.0,Cherryland,1502,6812,1948,10,582,,Active,,,https://www.redfin.com/CA/Hayward/18407-Rainier-Ave-94541/home/1751168,"bridgeMLS, Bay East AOR, or Contra Costa AOR",41006656,N,Y,37.6803646,-122.1152748
MLS Listing,,Townhouse,4478 Stickley Ter,Fremont,CA,94536,1198000,4,4.0,FREMONT,1545,2666,2007,10,775,389,Active,,,https://www.redfin.com/CA/Fremont/4478-Stickley-Ter-94536/home/17184491,MLSListings,ML81905337,N,Y,37.5519226,-122.0101126
MLS Listing,,Single Family Residential,5348 Silver Reef Dr,Fremont,CA,94538,1225000,3,1.0,Fremont,1008,5792,1961,10,1215,,Active,,,https://www.redfin.com/CA/Fremont/5348-Silver-Reef-Dr-94538/home/1325839,"bridgeMLS, Bay East AOR, or Contra Costa AOR",41006649,N,Y,37.5275031,-121.9897649
MLS Listing,,Single Family Residential,4380 Terrabella Pl,Oakland,CA,94619,899000,3,2.5,Montebello Terr,1905,2080,1992,10,472,106,Active,,,https://www.redfin.com/CA/Oakland/4380-Terrabella-Pl-94619/home/563386,"bridgeMLS, Bay East AOR, or Contra Costa AOR",41006648,N,Y,37.7961331,-122.1787513
MLS Listing,,Single Family Residential,9703 Thermal St,Oakland,CA,94605,1249000,4,3.0,Toler Heights,1640,6250,1924,10,762,,Active,,,https://www.redfin.com/CA/Oakland/9703-Thermal-St-94605/home/596366,"bridgeMLS, Bay East AOR, or Contra Costa AOR",41006645,N,Y,37.751028,-122.1586168
MLS Listing,,Multi-Family (2-4 Unit),1741 84th Ave,Oakland,CA,94621,629900,3,2.0,Oakland,1409,5300,1944,10,447,,Active,,,https://www.redfin.com/CA/Oakland/1741-84th-Ave-94621/home/583353,BAREIS,322079057,N,Y,37.7566306,-122.1737846
MLS Listing,,Single Family Residential,6822 Mansfield Ave,Dublin,CA,94568,999995,3,2.0,Westide Dublin,1053,8322,1964,10,950,,Active,,,https://www.redfin.com/CA/Dublin/6822-Mansfield-Ave-94568/home/1059780,"bridgeMLS, Bay East AOR, or Contra Costa AOR",41006404,N,Y,37.7183786,-121.9195994
MLS Listing,,Single Family Residential,642 Ravenna St,Livermore,CA,94551,1650000,5,3.0,Monticello,2711,7843,1993,10,609,,Active,,,https://www.redfin.com/CA/Livermore/642-Ravenna-St-94551/home/1178280,"bridgeMLS, Bay East AOR, or Contra Costa AOR",41005999,N,Y,37.6875056,-121.7918629
MLS Listing,,Condo/Co-op,300 Caldecott Ln #205,Oakland,CA,94618,525000,1,1.0,Claremont Hills,773,,1996,10,679,526,Active,,,https://www.redfin.com/CA/Oakland/300-Caldecott-Ln-94618/unit-205/home/628840,"bridgeMLS, Bay East AOR, or Contra Costa AOR",41006636,N,Y,37.8566853,-122.221026
MLS Listing,,Single Family Residential,525 63rd St,Oakland,CA,94609,1298000,5,1.0,Oakland,1551,2500,1911,10,837,,Active,,,https://www.redfin.com/CA/Oakland/525-63rd-St-94609/home/530947,"bridgeMLS, Bay East AOR, or Contra Costa AOR",41006632,N,Y,37.848359,-122.2617332
MLS Listing,,Single Family Residential,5811 Mendocino Ave,Oakland,CA,94618,999000,3,1.5,Upper Rockridge,1730,8190,1925,10,577,,Active,,,https://www.redfin.com/CA/Oakland/5811-Mendocino-Ave-94618/home/572901,"bridgeMLS, Bay East AOR, or Contra Costa AOR",41006628,N,Y,37.8442877,-122.244362
MLS Listing,,Single Family Residential,6859 Fresno St,Oakland,CA,94605,795000,3,2.0,Oakland,1764,2625,1925,10,451,,Active,,,https://www.redfin.com/CA/Oakland/6859-Fresno-St-94605/home/618577,MetroList,222113099,N,Y,37.766296,-122.1817224
MLS Listing,,Condo/Co-op,7963 Regional Cmn,Dublin,CA,94568,939000,2,2.5,Dublin,1521,,2017,10,617,311,Active,,,https://www.redfin.com/CA/Dublin/7963-Regional-Cmn-94568/home/167307478,"bridgeMLS, Bay East AOR, or Contra Costa AOR",41006623,N,Y,37.7036128,-121.9356192
MLS Listing,,Single Family Residential,1011 Castle St,San Leandro,CA,94578,899888,3,1.5,SAN LEANDRO,1334,5074,1952,10,675,,Active,,,https://www.redfin.com/CA/San-Leandro/1011-Castle-St-94578/home/1461336,MLSListings,ML81903083,N,Y,37.7036378,-122.1320902
MLS Listing,,Mobile/Manufactured Home,2360 Bourbon Dr,Hayward,CA,94545,349900,3,2.0,Hayward,1340,,,10,261,,Active,,,https://www.redfin.com/CA/Hayward/2360-Bourbon-Dr-94545/home/168820029,"bridgeMLS, Bay East AOR, or Contra Costa AOR",41006616,N,Y,37.6194094,-122.0879387
MLS Listing,,Single Family Residential,48977 Manna Grass Ter,Fremont,CA,94539,1838800,4,3.0,FREMONT,2006,2696,2008,10,917,99,Active,,,https://www.redfin.com/CA/Fremont/48977-Manna-Grass-Ter-94539/home/22813433,MLSListings,ML81905287,N,Y,37.461495,-121.9161767
MLS Listing,,Multi-Family (2-4 Unit),3430 Laurel Ave,Oakland,CA,94602,1300000,8,4.0,Oakland,3468,5544,1977,10,375,,Active,September-11-2022 02:00 PM,September-11-2022 04:00 PM,https://www.redfin.com/CA/Oakland/3430-Laurel-Ave-94602/home/1871801,"bridgeMLS, Bay East AOR, or Contra Costa AOR",41006609,N,Y,37.7944638,-122.2051334
MLS Listing,,Condo/Co-op,4216 Shafter Ave,Oakland,CA,94609,549000,1,1.0,Temescal,548,4188,1922,10,1002,200,Active,,,https://www.redfin.com/CA/Oakland/4216-Shafter-Ave-94609/home/1887615,"bridgeMLS, Bay East AOR, or Contra Costa AOR",41006607,N,Y,37.8314622,-122.2588197
MLS Listing,,Single Family Residential,3025 Deakin St,Berkeley,CA,94705,1795000,6,2.0,Elmwood,2353,3255,1907,10,763,,Active,,,https://www.redfin.com/CA/Berkeley/3025-Deakin-St-94705/home/1745765,"bridgeMLS, Bay East AOR, or Contra Costa AOR",41004663,N,Y,37.8550121,-122.262132
MLS Listing,,Condo/Co-op,9054 Craydon Cir,San Ramon,CA,94583,399950,1,1.0,Sunny Glen,612,850,1963,10,654,379,Active,,,https://www.redfin.com/CA/San-Ramon/9054-Craydon-Cir-94583/home/1707301,"bridgeMLS, Bay East AOR, or Contra Costa AOR",41006450,N,Y,37.727783,-121.923164
MLS Listing,,Condo/Co-op,322 Hanover Ave #508,Oakland,CA,94606,749000,2,2.0,Lake Merritt,1124,32670,1984,10,666,620,Active,,,https://www.redfin.com/CA/Oakland/322-Hanover-Ave-94606/unit-508/home/1159424,"bridgeMLS, Bay East AOR, or Contra Costa AOR",41006454,N,Y,37.802477,-122.2512405
MLS Listing,,Single Family Residential,1608 143Rd Ave,San Leandro,CA,94578,538888,2,1.0,Old San Leandro,957,5320,1948,10,563,,Active,,,https://www.redfin.com/CA/San-Leandro/1608-143rd-Ave-94578/home/1939725,"bridgeMLS, Bay East AOR, or Contra Costa AOR",41004717,N,Y,37.7142391,-122.1347964
MLS Listing,,Single Family Residential,1326 Blake St,Berkeley,CA,94702,1100000,5,2.0,Berkeley,1614,5700,1934,10,682,,Active,,,https://www.redfin.com/CA/Berkeley/1326-Blake-St-94702/home/947041,MetroList,222113341,N,Y,37.8607425,-122.284152
MLS Listing,,Single Family Residential,2178 Bradhoff Ave,San Leandro,CA,94577,889000,4,1.0,Assumption Parsh,1484,7400,1947,10,599,,Active,,,https://www.redfin.com/CA/San-Leandro/2178-Bradhoff-Ave-94577/home/763922,"bridgeMLS, Bay East AOR, or Contra Costa AOR",41006595,N,Y,37.7194613,-122.1434025
MLS Listing,,Single Family Residential,40535 Verne St,Fremont,CA,94538,1690000,3,2.0,FREMONT,1457,6041,1960,10,1160,,Active,,,https://www.redfin.com/CA/Fremont/40535-Verne-St-94538/home/1787745,MLSListings,ML81904156,N,Y,37.5261551,-121.9769705
MLS Listing,,Townhouse,5373 San Simeon Pl,Castro Valley,CA,94552,950900,3,2.5,Castro Valley,1546,1895,1981,10,615,426,Active,,,https://www.redfin.com/CA/Castro-Valley/5373-San-Simeon-Pl-94552/home/831986,San Francisco MLS,422687825,N,Y,37.701519,-122.046032
